{
  "type": "FeatureCollection",
  "name": "Forest Lake Memorial Park Phase 1 verified routing review network",
  "features": [
    {
      "type": "Feature",
      "properties": {
        "id": "SITE-FL-LEG",
        "feature_type": "site",
        "name": "Forest Lake Memorial Park",
        "phase": 1
      },
      "geometry": {
        "type": "Polygon",
        "coordinates": [
          [
            [
              123.7403651377267,
              13.12782596874229
            ],
            [
              123.7406037367828,
              13.12784499525643
            ],
            [
              123.7407289142752,
              13.12788688507238
            ],
            [
              123.7408464011529,
              13.12789462764139
            ],
            [
              123.740991875098,
              13.12787949360306
            ],
            [
              123.7411041243411,
              13.12780317205446
            ],
            [
              123.7413319691318,
              13.1275506140704
            ],
            [
              123.7417583862641,
              13.12783968768569
            ],
            [
              123.7417441848813,
              13.12808293463575
            ],
            [
              123.742417875768,
              13.12840957824183
            ],
            [
              123.7424363708249,
              13.12906879532538
            ],
            [
              123.7394451801504,
              13.12934857493199
            ],
            [
              123.7396684819317,
              13.12801018088061
            ],
            [
              123.7403651377267,
              13.12782596874229
            ]
          ]
        ]
      }
    },
    {
      "type": "Feature",
      "properties": {
        "id": "AREA-FL-LEG-RPG",
        "feature_type": "area",
        "area_code": "RPG",
        "name": "Royal Palm Garden",
        "phase": 1
      },
      "geometry": {
        "type": "Polygon",
        "coordinates": [
          [
            [
              123.7405340513382,
              13.12820755063447
            ],
            [
              123.7405066612439,
              13.12816343642655
            ],
            [
              123.7404806711216,
              13.12813767776098
            ],
            [
              123.7404525209434,
              13.12811525342111
            ],
            [
              123.7404195603137,
              13.1280999225715
            ],
            [
              123.7403261297797,
              13.12807332741856
            ],
            [
              123.7403230036469,
              13.12805506298938
            ],
            [
              123.7403414812124,
              13.12804960326467
            ],
            [
              123.7404983315581,
              13.12807232970278
            ],
            [
              123.7406147024229,
              13.12807392695482
            ],
            [
              123.7407606331736,
              13.12806048921294
            ],
            [
              123.741036159797,
              13.12796452541898
            ],
            [
              123.7411429135648,
              13.1278967151451
            ],
            [
              123.7412141625103,
              13.1278809595824
            ],
            [
              123.7413123875126,
              13.12776945816947
            ],
            [
              123.7413414430044,
              13.12774956908757
            ],
            [
              123.7415185343968,
              13.12783305447281
            ],
            [
              123.7414976473856,
              13.12840058018856
            ],
            [
              123.7414705106534,
              13.12841822289885
            ],
            [
              123.7406339858848,
              13.12849744433313
            ],
            [
              123.7405340513382,
              13.12820755063447
            ]
          ]
        ]
      }
    },
    {
      "type": "Feature",
      "properties": {
        "id": "AREA-FL-LEG-HPG",
        "feature_type": "area",
        "area_code": "HPG",
        "name": "Hawaiian Palm Garden",
        "phase": 1
      },
      "geometry": {
        "type": "Polygon",
        "coordinates": [
          [
            [
              123.7406121043902,
              13.12873334794429
            ],
            [
              123.7406412762299,
              13.12868766866198
            ],
            [
              123.7406562066809,
              13.12865137358145
            ],
            [
              123.7406665141622,
              13.12857789560582
            ],
            [
              123.7406698631599,
              13.12855482306406
            ],
            [
              123.7406945232056,
              13.12854830358827
            ],
            [
              123.7412478937839,
              13.12849912978002
            ],
            [
              123.7415008793705,
              13.12847132505726
            ],
            [
              123.7415041700287,
              13.12849750663191
            ],
            [
              123.7415096692245,
              13.12902640559171
            ],
            [
              123.74108839363,
              13.12906780110058
            ],
            [
              123.7408293370436,
              13.12909000950886
            ],
            [
              123.7406919013151,
              13.12909264770115
            ],
            [
              123.7406706013298,
              13.1290847847856
            ],
            [
              123.7406441417552,
              13.12907039246089
            ],
            [
              123.7406247145984,
              13.12904951525065
            ],
            [
              123.7406044681364,
              13.12901703816797
            ],
            [
              123.7405401489314,
              13.12882240980647
            ],
            [
              123.7406121043902,
              13.12873334794429
            ]
          ]
        ]
      }
    },
    {
      "type": "Feature",
      "properties": {
        "id": "AREA-FL-LEG-DPG",
        "feature_type": "area",
        "area_code": "DPG",
        "name": "Dates Palm Garden",
        "phase": 1
      },
      "geometry": {
        "type": "Polygon",
        "coordinates": [
          [
            [
              123.7398135678771,
              13.12850151092343
            ],
            [
              123.7397498144484,
              13.12850154906577
            ],
            [
              123.7397133365944,
              13.12847477736388
            ],
            [
              123.7396930646815,
              13.12838949138012
            ],
            [
              123.7397288214942,
              13.12836459529402
            ],
            [
              123.7398216251688,
              13.12831759389227
            ],
            [
              123.7400198362306,
              13.1282367966545
            ],
            [
              123.7401067638377,
              13.12821468399574
            ],
            [
              123.7401919434392,
              13.12818730562433
            ],
            [
              123.7402554922226,
              13.12817632170536
            ],
            [
              123.7402941730351,
              13.12815726357629
            ],
            [
              123.7403265845668,
              13.12812766645202
            ],
            [
              123.7403704721411,
              13.12813941732078
            ],
            [
              123.7404220079671,
              13.1281522471567
            ],
            [
              123.7404631202201,
              13.12819374379407
            ],
            [
              123.7404899213332,
              13.12823987551977
            ],
            [
              123.7405277495677,
              13.12836244204297
            ],
            [
              123.7405737992595,
              13.12849325396437
            ],
            [
              123.7406111922961,
              13.12862098644719
            ],
            [
              123.7405993113786,
              13.12865583994522
            ],
            [
              123.740576692005,
              13.12868794042411
            ],
            [
              123.7405209393491,
              13.12875850121638
            ],
            [
              123.7405000063252,
              13.12876589519994
            ],
            [
              123.7403169730559,
              13.12854362903269
            ],
            [
              123.7402063519015,
              13.12852939473058
            ],
            [
              123.7398135678771,
              13.12850151092343
            ]
          ]
        ]
      }
    },
    {
      "type": "Feature",
      "properties": {
        "id": "AREA-FL-LEG-YPG",
        "feature_type": "area",
        "area_code": "YPG",
        "name": "Yellow Palm Garden",
        "phase": 1
      },
      "geometry": {
        "type": "Polygon",
        "coordinates": [
          [
            [
              123.7415689093597,
              13.12902139180967
            ],
            [
              123.7415525600624,
              13.12860433367676
            ],
            [
              123.7415616435514,
              13.12825715732427
            ],
            [
              123.7415614653796,
              13.12822846176834
            ],
            [
              123.7416006616914,
              13.12823833554374
            ],
            [
              123.7422543920873,
              13.12850944393344
            ],
            [
              123.7422746225039,
              13.12855377340774
            ],
            [
              123.7422846588012,
              13.12893205644994
            ],
            [
              123.742249964703,
              13.12894907134266
            ],
            [
              123.7421931102673,
              13.12895746120152
            ],
            [
              123.7415689093597,
              13.12902139180967
            ]
          ]
        ]
      }
    },
    {
      "type": "Feature",
      "properties": {
        "id": "N001",
        "feature_type": "map_node",
        "node_type": "junction",
        "name": "Reviewed junction E016",
        "source_names": [
          "NODE|FL-LEG|N001|RPG_JUNCTION|Royal Palm Junction",
          "ROADWAY|FL-LEG|RW0002|Inner Roadway"
        ],
        "phase": 1
      },
      "geometry": {
        "type": "Point",
        "coordinates": [
          123.740628344391,
          13.12853063908331
        ]
      }
    },
    {
      "type": "Feature",
      "properties": {
        "id": "N002",
        "feature_type": "map_node",
        "node_type": "junction",
        "name": "Reviewed junction E018",
        "source_names": [
          "NODE|FL-LEG|N003|RPG_JUNCTION|Royal Palm Junction",
          "ROADWAY|FL-LEG|RW0002|Inner Roadway"
        ],
        "phase": 1
      },
      "geometry": {
        "type": "Point",
        "coordinates": [
          123.7415273207423,
          13.12843559705057
        ]
      }
    },
    {
      "type": "Feature",
      "properties": {
        "id": "N003",
        "feature_type": "map_node",
        "node_type": "rpg_landmark",
        "name": "Royal Palm Landmark",
        "source_names": [
          "NODE|FL-LEG|N002|RPG_LANDMARK|Royal Palm Landmark"
        ],
        "phase": 1
      },
      "geometry": {
        "type": "Point",
        "coordinates": [
          123.7410898523541,
          13.12823832624933
        ]
      }
    },
    {
      "type": "Feature",
      "properties": {
        "id": "N004",
        "feature_type": "map_node",
        "node_type": "main_entrance",
        "name": "Main Entrance",
        "source_names": [
          "NODE|FL-LEG|N001|MAIN_ENTRANCE|Main Entrance",
          "ROADWAY|FL-LEG|Main Roadway"
        ],
        "phase": 1
      },
      "geometry": {
        "type": "Point",
        "coordinates": [
          123.739711436971,
          13.12801316723383
        ]
      }
    },
    {
      "type": "Feature",
      "properties": {
        "id": "N005",
        "feature_type": "map_node",
        "node_type": "main_exit",
        "name": "Main Exit",
        "source_names": [
          "NODE|FL-LEG|N001|MAIN_EXIT|Main Exit"
        ],
        "phase": 1
      },
      "geometry": {
        "type": "Point",
        "coordinates": [
          123.7415512254145,
          13.12772432667477
        ]
      }
    },
    {
      "type": "Feature",
      "properties": {
        "id": "N006",
        "feature_type": "map_node",
        "node_type": "junction",
        "name": "Reviewed junction E015",
        "source_names": [
          "NODE|FL-LEG|N004|RPG_JUNCTION|Royal Palm Junction",
          "ROADWAY|FL-LEG|RW0003|Inner Roadway"
        ],
        "phase": 1
      },
      "geometry": {
        "type": "Point",
        "coordinates": [
          123.741536644377,
          13.12818940150263
        ]
      }
    },
    {
      "type": "Feature",
      "properties": {
        "id": "N007",
        "feature_type": "map_node",
        "node_type": "junction",
        "name": "Reviewed junction E015",
        "source_names": [
          "NODE|FL-LEG|N005|RPG_JUNCTION|Royal Palm Junction",
          "ROADWAY|FL-LEG|RW001|Inner Roadway"
        ],
        "phase": 1
      },
      "geometry": {
        "type": "Point",
        "coordinates": [
          123.7402766825385,
          13.12808698630982
        ]
      }
    },
    {
      "type": "Feature",
      "properties": {
        "id": "N008",
        "feature_type": "map_node",
        "node_type": "junction",
        "name": "Reviewed junction E015",
        "source_names": [
          "NODE|FL-LEG|N007|DPG_JUNCTION|Dates Palm Junction",
          "ROADWAY|FL-LEG|RW001|Inner Roadway"
        ],
        "phase": 1
      },
      "geometry": {
        "type": "Point",
        "coordinates": [
          123.740502504532,
          13.12881097525611
        ]
      }
    },
    {
      "type": "Feature",
      "properties": {
        "id": "N009",
        "feature_type": "map_node",
        "node_type": "hpg_junction",
        "name": "Hawaiian Palm Junction",
        "source_names": [
          "NODE|FL-LEG|N008|HPG_JUNCTION|Hawaiian Palm Junction",
          "ROADWAY|FL-LEG|RW0003|Inner Roadway"
        ],
        "phase": 1
      },
      "geometry": {
        "type": "Point",
        "coordinates": [
          123.7415394842868,
          13.12903431284176
        ]
      }
    },
    {
      "type": "Feature",
      "properties": {
        "id": "N010",
        "feature_type": "map_node",
        "node_type": "hpg_junction",
        "name": "Royal Palm Cross",
        "source_names": [
          "NODE|FL-LEG|N009|HPG_JUNCTION|Royal Palm Cross"
        ],
        "phase": 1
      },
      "geometry": {
        "type": "Point",
        "coordinates": [
          123.741119288143,
          13.12800019120587
        ]
      }
    },
    {
      "type": "Feature",
      "properties": {
        "id": "N011",
        "feature_type": "map_node",
        "node_type": "dpg_junction",
        "name": "Hawaiian Palm Landmark",
        "source_names": [
          "NODE|FL-LEG|N010|DPG_JUNCTION|Hawaiian Palm Landmark"
        ],
        "phase": 1
      },
      "geometry": {
        "type": "Point",
        "coordinates": [
          123.741064521153,
          13.12879879596171
        ]
      }
    },
    {
      "type": "Feature",
      "properties": {
        "id": "N012",
        "feature_type": "map_node",
        "node_type": "ypg_junction",
        "name": "Yellow Palm Landmark",
        "source_names": [
          "NODE|FL-LEG|N011|YPG_JUNCTION|Yellow Palm Landmark"
        ],
        "phase": 1
      },
      "geometry": {
        "type": "Point",
        "coordinates": [
          123.741939127178,
          13.12862518257746
        ]
      }
    },
    {
      "type": "Feature",
      "properties": {
        "id": "N013",
        "feature_type": "map_node",
        "node_type": "rpg_junction",
        "name": "Royal Palm Junction",
        "source_names": [
          "NODE|FL-LEG|N012|RPG_JUNCTION|Royal Palm Junction",
          "ROADWAY|FL-LEG|Main Roadway"
        ],
        "phase": 1
      },
      "geometry": {
        "type": "Point",
        "coordinates": [
          123.7402688445091,
          13.12799022125917
        ]
      }
    },
    {
      "type": "Feature",
      "properties": {
        "id": "N014",
        "feature_type": "map_node",
        "node_type": "junction",
        "name": "Reviewed junction E002",
        "source_names": [
          "PATH|FL-LEG|W001|RPG",
          "PATH|FL-LEG|W002|RPG"
        ],
        "phase": 1
      },
      "geometry": {
        "type": "Point",
        "coordinates": [
          123.74067641318726,
          13.12826285121816
        ]
      }
    },
    {
      "type": "Feature",
      "properties": {
        "id": "N015",
        "feature_type": "map_node",
        "node_type": "edge_endpoint",
        "name": "Derived edge endpoint",
        "source_names": [
          "PATH|FL-LEG|W003|RPG Main"
        ],
        "phase": 1
      },
      "geometry": {
        "type": "Point",
        "coordinates": [
          123.7411038120985,
          13.12845638635186
        ]
      }
    },
    {
      "type": "Feature",
      "properties": {
        "id": "N016",
        "feature_type": "map_node",
        "node_type": "edge_endpoint",
        "name": "Derived edge endpoint",
        "source_names": [
          "PATH|FL-LEG|W003|RPG Main"
        ],
        "phase": 1
      },
      "geometry": {
        "type": "Point",
        "coordinates": [
          123.7410913777065,
          13.12827804533663
        ]
      }
    },
    {
      "type": "Feature",
      "properties": {
        "id": "N017",
        "feature_type": "map_node",
        "node_type": "edge_endpoint",
        "name": "Derived edge endpoint",
        "source_names": [
          "PATH|FL-LEG|W001|RPG"
        ],
        "phase": 1
      },
      "geometry": {
        "type": "Point",
        "coordinates": [
          123.7407437563408,
          13.12848669992525
        ]
      }
    },
    {
      "type": "Feature",
      "properties": {
        "id": "N018",
        "feature_type": "map_node",
        "node_type": "edge_endpoint",
        "name": "Derived edge endpoint",
        "source_names": [
          "PATH|FL-LEG|W001|RPG"
        ],
        "phase": 1
      },
      "geometry": {
        "type": "Point",
        "coordinates": [
          123.7406191701803,
          13.12806895323293
        ]
      }
    },
    {
      "type": "Feature",
      "properties": {
        "id": "N019",
        "feature_type": "map_node",
        "node_type": "junction",
        "name": "Reviewed junction E003",
        "source_names": [
          "PATH|FL-LEG|W002|RPG"
        ],
        "phase": 1
      },
      "geometry": {
        "type": "Point",
        "coordinates": [
          123.7410586019583,
          13.12824302766891
        ]
      }
    },
    {
      "type": "Feature",
      "properties": {
        "id": "N020",
        "feature_type": "map_node",
        "node_type": "junction",
        "name": "Reviewed junction E004",
        "source_names": [
          "PATH|FL-LEG|W004|RPG"
        ],
        "phase": 1
      },
      "geometry": {
        "type": "Point",
        "coordinates": [
          123.7410829816531,
          13.12820458724272
        ]
      }
    },
    {
      "type": "Feature",
      "properties": {
        "id": "N021",
        "feature_type": "map_node",
        "node_type": "edge_endpoint",
        "name": "Derived edge endpoint",
        "source_names": [
          "PATH|FL-LEG|W004|RPG"
        ],
        "phase": 1
      },
      "geometry": {
        "type": "Point",
        "coordinates": [
          123.7411036713225,
          13.12794129821973
        ]
      }
    },
    {
      "type": "Feature",
      "properties": {
        "id": "N022",
        "feature_type": "map_node",
        "node_type": "edge_endpoint",
        "name": "Derived edge endpoint",
        "source_names": [
          "PATH|FL-LEG|W005|RPG"
        ],
        "phase": 1
      },
      "geometry": {
        "type": "Point",
        "coordinates": [
          123.7411210258106,
          13.12823370366797
        ]
      }
    },
    {
      "type": "Feature",
      "properties": {
        "id": "N023",
        "feature_type": "map_node",
        "node_type": "edge_endpoint",
        "name": "Derived edge endpoint",
        "source_names": [
          "PATH|FL-LEG|W005|RPG"
        ],
        "phase": 1
      },
      "geometry": {
        "type": "Point",
        "coordinates": [
          123.7415097127076,
          13.12819138231603
        ]
      }
    },
    {
      "type": "Feature",
      "properties": {
        "id": "N024",
        "feature_type": "map_node",
        "node_type": "junction",
        "name": "Reviewed junction E006",
        "source_names": [
          "PATH|FL-LEG|W001|HPG"
        ],
        "phase": 1
      },
      "geometry": {
        "type": "Point",
        "coordinates": [
          123.7410296297591,
          13.12879412177239
        ]
      }
    },
    {
      "type": "Feature",
      "properties": {
        "id": "N025",
        "feature_type": "map_node",
        "node_type": "edge_endpoint",
        "name": "Derived edge endpoint",
        "source_names": [
          "PATH|FL-LEG|W001|HPG"
        ],
        "phase": 1
      },
      "geometry": {
        "type": "Point",
        "coordinates": [
          123.7405567062705,
          13.12884564554591
        ]
      }
    },
    {
      "type": "Feature",
      "properties": {
        "id": "N026",
        "feature_type": "map_node",
        "node_type": "edge_endpoint",
        "name": "Derived edge endpoint",
        "source_names": [
          "PATH|FL-LEG|W002|HPG"
        ],
        "phase": 1
      },
      "geometry": {
        "type": "Point",
        "coordinates": [
          123.7410663920915,
          13.12883058569264
        ]
      }
    },
    {
      "type": "Feature",
      "properties": {
        "id": "N027",
        "feature_type": "map_node",
        "node_type": "edge_endpoint",
        "name": "Derived edge endpoint",
        "source_names": [
          "PATH|FL-LEG|W002|HPG"
        ],
        "phase": 1
      },
      "geometry": {
        "type": "Point",
        "coordinates": [
          123.7410914578424,
          13.12906599056837
        ]
      }
    },
    {
      "type": "Feature",
      "properties": {
        "id": "N028",
        "feature_type": "map_node",
        "node_type": "edge_endpoint",
        "name": "Derived edge endpoint",
        "source_names": [
          "PATH|FL-LEG|W003|HPG"
        ],
        "phase": 1
      },
      "geometry": {
        "type": "Point",
        "coordinates": [
          123.7410943889899,
          13.12878641535624
        ]
      }
    },
    {
      "type": "Feature",
      "properties": {
        "id": "N029",
        "feature_type": "map_node",
        "node_type": "edge_endpoint",
        "name": "Derived edge endpoint",
        "source_names": [
          "PATH|FL-LEG|W003|HPG"
        ],
        "phase": 1
      },
      "geometry": {
        "type": "Point",
        "coordinates": [
          123.7415015811615,
          13.12873921939796
        ]
      }
    },
    {
      "type": "Feature",
      "properties": {
        "id": "N030",
        "feature_type": "map_node",
        "node_type": "junction",
        "name": "Reviewed junction E009",
        "source_names": [
          "PATH|FL-LEG|W004|HPG"
        ],
        "phase": 1
      },
      "geometry": {
        "type": "Point",
        "coordinates": [
          123.7410577506299,
          13.12876742989936
        ]
      }
    },
    {
      "type": "Feature",
      "properties": {
        "id": "N031",
        "feature_type": "map_node",
        "node_type": "edge_endpoint",
        "name": "Derived edge endpoint",
        "source_names": [
          "PATH|FL-LEG|W004|HPG"
        ],
        "phase": 1
      },
      "geometry": {
        "type": "Point",
        "coordinates": [
          123.7410319420409,
          13.12852876866479
        ]
      }
    },
    {
      "type": "Feature",
      "properties": {
        "id": "N032",
        "feature_type": "map_node",
        "node_type": "edge_endpoint",
        "name": "Derived edge endpoint",
        "source_names": [
          "PATH|FL-LEG|W001|YPG"
        ],
        "phase": 1
      },
      "geometry": {
        "type": "Point",
        "coordinates": [
          123.741573835457,
          13.12893220839772
        ]
      }
    },
    {
      "type": "Feature",
      "properties": {
        "id": "N033",
        "feature_type": "map_node",
        "node_type": "edge_endpoint",
        "name": "Derived edge endpoint",
        "source_names": [
          "PATH|FL-LEG|W001|YPG"
        ],
        "phase": 1
      },
      "geometry": {
        "type": "Point",
        "coordinates": [
          123.7422755173042,
          13.12886425340776
        ]
      }
    },
    {
      "type": "Feature",
      "properties": {
        "id": "N034",
        "feature_type": "map_node",
        "node_type": "edge_endpoint",
        "name": "Derived edge endpoint",
        "source_names": [
          "PATH|FL-LEG|W002|YPG"
        ],
        "phase": 1
      },
      "geometry": {
        "type": "Point",
        "coordinates": [
          123.7419366147827,
          13.12866285650484
        ]
      }
    },
    {
      "type": "Feature",
      "properties": {
        "id": "N035",
        "feature_type": "map_node",
        "node_type": "junction",
        "name": "Reviewed junction E010",
        "source_names": [
          "PATH|FL-LEG|W002|YPG"
        ],
        "phase": 1
      },
      "geometry": {
        "type": "Point",
        "coordinates": [
          123.7419421506023,
          13.12889272218984
        ]
      }
    },
    {
      "type": "Feature",
      "properties": {
        "id": "N036",
        "feature_type": "map_node",
        "node_type": "junction",
        "name": "Reviewed junction E012",
        "source_names": [
          "PATH|FL-LEG|W003|YPG"
        ],
        "phase": 1
      },
      "geometry": {
        "type": "Point",
        "coordinates": [
          123.7419104118998,
          13.12862527905005
        ]
      }
    },
    {
      "type": "Feature",
      "properties": {
        "id": "N037",
        "feature_type": "map_node",
        "node_type": "edge_endpoint",
        "name": "Derived edge endpoint",
        "source_names": [
          "PATH|FL-LEG|W003|YPG"
        ],
        "phase": 1
      },
      "geometry": {
        "type": "Point",
        "coordinates": [
          123.7415561335953,
          13.12862919411653
        ]
      }
    },
    {
      "type": "Feature",
      "properties": {
        "id": "N038",
        "feature_type": "map_node",
        "node_type": "edge_endpoint",
        "name": "Derived edge endpoint",
        "source_names": [
          "PATH|FL-LEG|W004|YPG"
        ],
        "phase": 1
      },
      "geometry": {
        "type": "Point",
        "coordinates": [
          123.7419729722561,
          13.12862538973531
        ]
      }
    },
    {
      "type": "Feature",
      "properties": {
        "id": "N039",
        "feature_type": "map_node",
        "node_type": "edge_endpoint",
        "name": "Derived edge endpoint",
        "source_names": [
          "PATH|FL-LEG|W004|YPG"
        ],
        "phase": 1
      },
      "geometry": {
        "type": "Point",
        "coordinates": [
          123.7422707228544,
          13.12862567178184
        ]
      }
    },
    {
      "type": "Feature",
      "properties": {
        "id": "N040",
        "feature_type": "map_node",
        "node_type": "junction",
        "name": "Reviewed junction E014",
        "source_names": [
          "PATH|FL-LEG|W005|YPG"
        ],
        "phase": 1
      },
      "geometry": {
        "type": "Point",
        "coordinates": [
          123.7419382171864,
          13.12860247231768
        ]
      }
    },
    {
      "type": "Feature",
      "properties": {
        "id": "N041",
        "feature_type": "map_node",
        "node_type": "edge_endpoint",
        "name": "Derived edge endpoint",
        "source_names": [
          "PATH|FL-LEG|W005|YPG"
        ],
        "phase": 1
      },
      "geometry": {
        "type": "Point",
        "coordinates": [
          123.741942596372,
          13.12838490674422
        ]
      }
    },
    {
      "type": "Feature",
      "properties": {
        "id": "N042",
        "feature_type": "map_node",
        "node_type": "edge_endpoint",
        "name": "Derived routing point",
        "source_names": [],
        "phase": 1
      },
      "geometry": {
        "type": "Point",
        "coordinates": [
          123.7410678839943,
          13.12801068950536
        ]
      }
    },
    {
      "type": "Feature",
      "properties": {
        "id": "N043",
        "feature_type": "map_node",
        "node_type": "edge_endpoint",
        "name": "Derived routing point",
        "source_names": [],
        "phase": 1
      },
      "geometry": {
        "type": "Point",
        "coordinates": [
          123.7410851564649,
          13.12799518223994
        ]
      }
    },
    {
      "type": "Feature",
      "properties": {
        "id": "N044",
        "feature_type": "map_node",
        "node_type": "edge_endpoint",
        "name": "Derived routing point",
        "source_names": [],
        "phase": 1
      },
      "geometry": {
        "type": "Point",
        "coordinates": [
          123.7410807209723,
          13.12797308966474
        ]
      }
    },
    {
      "type": "Feature",
      "properties": {
        "id": "N045",
        "feature_type": "map_node",
        "node_type": "edge_endpoint",
        "name": "Derived routing point",
        "source_names": [],
        "phase": 1
      },
      "geometry": {
        "type": "Point",
        "coordinates": [
          123.7410911492804,
          13.12795888981274
        ]
      }
    },
    {
      "type": "Feature",
      "properties": {
        "id": "N046",
        "feature_type": "map_node",
        "node_type": "edge_endpoint",
        "name": "Derived routing point",
        "source_names": [],
        "phase": 1
      },
      "geometry": {
        "type": "Point",
        "coordinates": [
          123.7411051009502,
          13.12795341293118
        ]
      }
    },
    {
      "type": "Feature",
      "properties": {
        "id": "N047",
        "feature_type": "map_node",
        "node_type": "edge_endpoint",
        "name": "Derived routing point",
        "source_names": [],
        "phase": 1
      },
      "geometry": {
        "type": "Point",
        "coordinates": [
          123.7412184214383,
          13.12822663773535
        ]
      }
    },
    {
      "type": "Feature",
      "properties": {
        "id": "N048",
        "feature_type": "map_node",
        "node_type": "edge_endpoint",
        "name": "Derived routing point",
        "source_names": [],
        "phase": 1
      },
      "geometry": {
        "type": "Point",
        "coordinates": [
          123.7413150867108,
          13.12821880609869
        ]
      }
    },
    {
      "type": "Feature",
      "properties": {
        "id": "N049",
        "feature_type": "map_node",
        "node_type": "edge_endpoint",
        "name": "Derived routing point",
        "source_names": [],
        "phase": 1
      },
      "geometry": {
        "type": "Point",
        "coordinates": [
          123.7414128768224,
          13.12820538204031
        ]
      }
    },
    {
      "type": "Feature",
      "properties": {
        "id": "N050",
        "feature_type": "map_node",
        "node_type": "edge_endpoint",
        "name": "Derived routing point",
        "source_names": [],
        "phase": 1
      },
      "geometry": {
        "type": "Point",
        "coordinates": [
          123.73977072649,
          13.12808280454901
        ]
      }
    },
    {
      "type": "Feature",
      "properties": {
        "id": "N051",
        "feature_type": "map_node",
        "node_type": "edge_endpoint",
        "name": "Derived routing point",
        "source_names": [],
        "phase": 1
      },
      "geometry": {
        "type": "Point",
        "coordinates": [
          123.7398454959677,
          13.12807027669366
        ]
      }
    },
    {
      "type": "Feature",
      "properties": {
        "id": "N052",
        "feature_type": "map_node",
        "node_type": "edge_endpoint",
        "name": "Derived routing point",
        "source_names": [],
        "phase": 1
      },
      "geometry": {
        "type": "Point",
        "coordinates": [
          123.740229109141,
          13.12794647249112
        ]
      }
    },
    {
      "type": "Feature",
      "properties": {
        "id": "N053",
        "feature_type": "map_node",
        "node_type": "edge_endpoint",
        "name": "Derived routing point",
        "source_names": [],
        "phase": 1
      },
      "geometry": {
        "type": "Point",
        "coordinates": [
          123.7402710293218,
          13.12799829758109
        ]
      }
    },
    {
      "type": "Feature",
      "properties": {
        "id": "N054",
        "feature_type": "map_node",
        "node_type": "edge_endpoint",
        "name": "Derived routing point",
        "source_names": [],
        "phase": 1
      },
      "geometry": {
        "type": "Point",
        "coordinates": [
          123.7402771917625,
          13.1280712789659
        ]
      }
    },
    {
      "type": "Feature",
      "properties": {
        "id": "N055",
        "feature_type": "map_node",
        "node_type": "edge_endpoint",
        "name": "Derived routing point",
        "source_names": [],
        "phase": 1
      },
      "geometry": {
        "type": "Point",
        "coordinates": [
          123.7402606332397,
          13.12813256949534
        ]
      }
    },
    {
      "type": "Feature",
      "properties": {
        "id": "N056",
        "feature_type": "map_node",
        "node_type": "edge_endpoint",
        "name": "Derived routing point",
        "source_names": [],
        "phase": 1
      },
      "geometry": {
        "type": "Point",
        "coordinates": [
          123.7400153387492,
          13.12820699852901
        ]
      }
    },
    {
      "type": "Feature",
      "properties": {
        "id": "N057",
        "feature_type": "map_node",
        "node_type": "edge_endpoint",
        "name": "Derived routing point",
        "source_names": [],
        "phase": 1
      },
      "geometry": {
        "type": "Point",
        "coordinates": [
          123.7396818071203,
          13.12835577396909
        ]
      }
    },
    {
      "type": "Feature",
      "properties": {
        "id": "N058",
        "feature_type": "map_node",
        "node_type": "edge_endpoint",
        "name": "Derived routing point",
        "source_names": [],
        "phase": 1
      },
      "geometry": {
        "type": "Point",
        "coordinates": [
          123.7396574387865,
          13.12839913422864
        ]
      }
    },
    {
      "type": "Feature",
      "properties": {
        "id": "N059",
        "feature_type": "map_node",
        "node_type": "edge_endpoint",
        "name": "Derived routing point",
        "source_names": [],
        "phase": 1
      },
      "geometry": {
        "type": "Point",
        "coordinates": [
          123.739706816544,
          13.12852110923973
        ]
      }
    },
    {
      "type": "Feature",
      "properties": {
        "id": "N060",
        "feature_type": "map_node",
        "node_type": "edge_endpoint",
        "name": "Derived routing point",
        "source_names": [],
        "phase": 1
      },
      "geometry": {
        "type": "Point",
        "coordinates": [
          123.7398023173485,
          13.12853685039488
        ]
      }
    },
    {
      "type": "Feature",
      "properties": {
        "id": "N061",
        "feature_type": "map_node",
        "node_type": "edge_endpoint",
        "name": "Derived routing point",
        "source_names": [],
        "phase": 1
      },
      "geometry": {
        "type": "Point",
        "coordinates": [
          123.7402621309934,
          13.12856995940548
        ]
      }
    },
    {
      "type": "Feature",
      "properties": {
        "id": "N062",
        "feature_type": "map_node",
        "node_type": "edge_endpoint",
        "name": "Derived routing point",
        "source_names": [],
        "phase": 1
      },
      "geometry": {
        "type": "Point",
        "coordinates": [
          123.7403985962141,
          13.12869665768937
        ]
      }
    },
    {
      "type": "Feature",
      "properties": {
        "id": "N063",
        "feature_type": "map_node",
        "node_type": "junction",
        "name": "Reviewed junction E015",
        "source_names": [],
        "phase": 1
      },
      "geometry": {
        "type": "Point",
        "coordinates": [
          123.74051391303432,
          13.128858316992607
        ]
      }
    },
    {
      "type": "Feature",
      "properties": {
        "id": "N064",
        "feature_type": "map_node",
        "node_type": "edge_endpoint",
        "name": "Derived routing point",
        "source_names": [],
        "phase": 1
      },
      "geometry": {
        "type": "Point",
        "coordinates": [
          123.7405633928761,
          13.12901679658876
        ]
      }
    },
    {
      "type": "Feature",
      "properties": {
        "id": "N065",
        "feature_type": "map_node",
        "node_type": "edge_endpoint",
        "name": "Derived routing point",
        "source_names": [],
        "phase": 1
      },
      "geometry": {
        "type": "Point",
        "coordinates": [
          123.7406128162871,
          13.12909026539858
        ]
      }
    },
    {
      "type": "Feature",
      "properties": {
        "id": "N066",
        "feature_type": "map_node",
        "node_type": "edge_endpoint",
        "name": "Derived routing point",
        "source_names": [],
        "phase": 1
      },
      "geometry": {
        "type": "Point",
        "coordinates": [
          123.7406755666294,
          13.12912496937015
        ]
      }
    },
    {
      "type": "Feature",
      "properties": {
        "id": "N067",
        "feature_type": "map_node",
        "node_type": "edge_endpoint",
        "name": "Derived routing point",
        "source_names": [],
        "phase": 1
      },
      "geometry": {
        "type": "Point",
        "coordinates": [
          123.7407826917707,
          13.12912944187823
        ]
      }
    },
    {
      "type": "Feature",
      "properties": {
        "id": "N068",
        "feature_type": "map_node",
        "node_type": "junction",
        "name": "Reviewed junction E015",
        "source_names": [],
        "phase": 1
      },
      "geometry": {
        "type": "Point",
        "coordinates": [
          123.74109485725262,
          13.129097424927034
        ]
      }
    },
    {
      "type": "Feature",
      "properties": {
        "id": "N069",
        "feature_type": "map_node",
        "node_type": "junction",
        "name": "Reviewed junction E015",
        "source_names": [],
        "phase": 1
      },
      "geometry": {
        "type": "Point",
        "coordinates": [
          123.7415412714806,
          13.12905163888284
        ]
      }
    },
    {
      "type": "Feature",
      "properties": {
        "id": "N070",
        "feature_type": "map_node",
        "node_type": "edge_endpoint",
        "name": "Derived routing point",
        "source_names": [],
        "phase": 1
      },
      "geometry": {
        "type": "Point",
        "coordinates": [
          123.7422068286358,
          13.12898337665594
        ]
      }
    },
    {
      "type": "Feature",
      "properties": {
        "id": "N071",
        "feature_type": "map_node",
        "node_type": "edge_endpoint",
        "name": "Derived routing point",
        "source_names": [],
        "phase": 1
      },
      "geometry": {
        "type": "Point",
        "coordinates": [
          123.7422904940647,
          13.1289662051758
        ]
      }
    },
    {
      "type": "Feature",
      "properties": {
        "id": "N072",
        "feature_type": "map_node",
        "node_type": "edge_endpoint",
        "name": "Derived routing point",
        "source_names": [],
        "phase": 1
      },
      "geometry": {
        "type": "Point",
        "coordinates": [
          123.7423228442603,
          13.12887177479097
        ]
      }
    },
    {
      "type": "Feature",
      "properties": {
        "id": "N073",
        "feature_type": "map_node",
        "node_type": "junction",
        "name": "Reviewed junction E015",
        "source_names": [],
        "phase": 1
      },
      "geometry": {
        "type": "Point",
        "coordinates": [
          123.74232211043736,
          13.128861189878382
        ]
      }
    },
    {
      "type": "Feature",
      "properties": {
        "id": "N074",
        "feature_type": "map_node",
        "node_type": "junction",
        "name": "Reviewed junction E015",
        "source_names": [],
        "phase": 1
      },
      "geometry": {
        "type": "Point",
        "coordinates": [
          123.74230562352585,
          13.128623377039567
        ]
      }
    },
    {
      "type": "Feature",
      "properties": {
        "id": "N075",
        "feature_type": "map_node",
        "node_type": "edge_endpoint",
        "name": "Derived routing point",
        "source_names": [],
        "phase": 1
      },
      "geometry": {
        "type": "Point",
        "coordinates": [
          123.7423012204792,
          13.12855986599199
        ]
      }
    },
    {
      "type": "Feature",
      "properties": {
        "id": "N076",
        "feature_type": "map_node",
        "node_type": "edge_endpoint",
        "name": "Derived routing point",
        "source_names": [],
        "phase": 1
      },
      "geometry": {
        "type": "Point",
        "coordinates": [
          123.742264729358,
          13.12847441843111
        ]
      }
    },
    {
      "type": "Feature",
      "properties": {
        "id": "N077",
        "feature_type": "map_node",
        "node_type": "junction",
        "name": "Reviewed junction E015",
        "source_names": [],
        "phase": 1
      },
      "geometry": {
        "type": "Point",
        "coordinates": [
          123.74195691622621,
          13.128351027199518
        ]
      }
    },
    {
      "type": "Feature",
      "properties": {
        "id": "N078",
        "feature_type": "map_node",
        "node_type": "edge_endpoint",
        "name": "Derived routing point",
        "source_names": [],
        "phase": 1
      },
      "geometry": {
        "type": "Point",
        "coordinates": [
          123.7415367039778,
          13.12818257919808
        ]
      }
    },
    {
      "type": "Feature",
      "properties": {
        "id": "N079",
        "feature_type": "map_node",
        "node_type": "edge_endpoint",
        "name": "Derived routing point",
        "source_names": [],
        "phase": 1
      },
      "geometry": {
        "type": "Point",
        "coordinates": [
          123.7415466706432,
          13.12786581449556
        ]
      }
    },
    {
      "type": "Feature",
      "properties": {
        "id": "N080",
        "feature_type": "map_node",
        "node_type": "edge_endpoint",
        "name": "Derived routing point",
        "source_names": [],
        "phase": 1
      },
      "geometry": {
        "type": "Point",
        "coordinates": [
          123.7414668924936,
          13.12776905249553
        ]
      }
    },
    {
      "type": "Feature",
      "properties": {
        "id": "N081",
        "feature_type": "map_node",
        "node_type": "edge_endpoint",
        "name": "Derived routing point",
        "source_names": [],
        "phase": 1
      },
      "geometry": {
        "type": "Point",
        "coordinates": [
          123.7413298282025,
          13.12770755396005
        ]
      }
    },
    {
      "type": "Feature",
      "properties": {
        "id": "N082",
        "feature_type": "map_node",
        "node_type": "edge_endpoint",
        "name": "Derived routing point",
        "source_names": [],
        "phase": 1
      },
      "geometry": {
        "type": "Point",
        "coordinates": [
          123.7412202239299,
          13.12781035503441
        ]
      }
    },
    {
      "type": "Feature",
      "properties": {
        "id": "N083",
        "feature_type": "map_node",
        "node_type": "junction",
        "name": "Reviewed junction E015",
        "source_names": [],
        "phase": 1
      },
      "geometry": {
        "type": "Point",
        "coordinates": [
          123.74107573730687,
          13.12789724297197
        ]
      }
    },
    {
      "type": "Feature",
      "properties": {
        "id": "N084",
        "feature_type": "map_node",
        "node_type": "edge_endpoint",
        "name": "Derived routing point",
        "source_names": [],
        "phase": 1
      },
      "geometry": {
        "type": "Point",
        "coordinates": [
          123.741040309575,
          13.12791854766088
        ]
      }
    },
    {
      "type": "Feature",
      "properties": {
        "id": "N085",
        "feature_type": "map_node",
        "node_type": "edge_endpoint",
        "name": "Derived routing point",
        "source_names": [],
        "phase": 1
      },
      "geometry": {
        "type": "Point",
        "coordinates": [
          123.7408784887237,
          13.12799195141249
        ]
      }
    },
    {
      "type": "Feature",
      "properties": {
        "id": "N086",
        "feature_type": "map_node",
        "node_type": "edge_endpoint",
        "name": "Derived routing point",
        "source_names": [],
        "phase": 1
      },
      "geometry": {
        "type": "Point",
        "coordinates": [
          123.740751883595,
          13.12802246539821
        ]
      }
    },
    {
      "type": "Feature",
      "properties": {
        "id": "N087",
        "feature_type": "map_node",
        "node_type": "edge_endpoint",
        "name": "Derived routing point",
        "source_names": [],
        "phase": 1
      },
      "geometry": {
        "type": "Point",
        "coordinates": [
          123.7406734063201,
          13.12803978961819
        ]
      }
    },
    {
      "type": "Feature",
      "properties": {
        "id": "N088",
        "feature_type": "map_node",
        "node_type": "junction",
        "name": "Reviewed junction E015",
        "source_names": [],
        "phase": 1
      },
      "geometry": {
        "type": "Point",
        "coordinates": [
          123.74061887565449,
          13.12804032162169
        ]
      }
    },
    {
      "type": "Feature",
      "properties": {
        "id": "N089",
        "feature_type": "map_node",
        "node_type": "edge_endpoint",
        "name": "Derived routing point",
        "source_names": [],
        "phase": 1
      },
      "geometry": {
        "type": "Point",
        "coordinates": [
          123.7405731342115,
          13.12804076787716
        ]
      }
    },
    {
      "type": "Feature",
      "properties": {
        "id": "N090",
        "feature_type": "map_node",
        "node_type": "edge_endpoint",
        "name": "Derived routing point",
        "source_names": [],
        "phase": 1
      },
      "geometry": {
        "type": "Point",
        "coordinates": [
          123.7404338806394,
          13.12803421332965
        ]
      }
    },
    {
      "type": "Feature",
      "properties": {
        "id": "N091",
        "feature_type": "map_node",
        "node_type": "edge_endpoint",
        "name": "Derived routing point",
        "source_names": [],
        "phase": 1
      },
      "geometry": {
        "type": "Point",
        "coordinates": [
          123.7404266949776,
          13.12812742967773
        ]
      }
    },
    {
      "type": "Feature",
      "properties": {
        "id": "N092",
        "feature_type": "map_node",
        "node_type": "edge_endpoint",
        "name": "Derived routing point",
        "source_names": [],
        "phase": 1
      },
      "geometry": {
        "type": "Point",
        "coordinates": [
          123.7405026232816,
          13.12819961248963
        ]
      }
    },
    {
      "type": "Feature",
      "properties": {
        "id": "N093",
        "feature_type": "map_node",
        "node_type": "edge_endpoint",
        "name": "Derived routing point",
        "source_names": [],
        "phase": 1
      },
      "geometry": {
        "type": "Point",
        "coordinates": [
          123.7405980193756,
          13.12848306702616
        ]
      }
    },
    {
      "type": "Feature",
      "properties": {
        "id": "N094",
        "feature_type": "map_node",
        "node_type": "edge_endpoint",
        "name": "Derived routing point",
        "source_names": [],
        "phase": 1
      },
      "geometry": {
        "type": "Point",
        "coordinates": [
          123.7406345129928,
          13.12858201686928
        ]
      }
    },
    {
      "type": "Feature",
      "properties": {
        "id": "N095",
        "feature_type": "map_node",
        "node_type": "edge_endpoint",
        "name": "Derived routing point",
        "source_names": [],
        "phase": 1
      },
      "geometry": {
        "type": "Point",
        "coordinates": [
          123.7406338038292,
          13.12864241376396
        ]
      }
    },
    {
      "type": "Feature",
      "properties": {
        "id": "N096",
        "feature_type": "map_node",
        "node_type": "edge_endpoint",
        "name": "Derived routing point",
        "source_names": [],
        "phase": 1
      },
      "geometry": {
        "type": "Point",
        "coordinates": [
          123.7405850488708,
          13.12872714075295
        ]
      }
    },
    {
      "type": "Feature",
      "properties": {
        "id": "N097",
        "feature_type": "map_node",
        "node_type": "junction",
        "name": "Reviewed junction E017",
        "source_names": [],
        "phase": 1
      },
      "geometry": {
        "type": "Point",
        "coordinates": [
          123.74074743926076,
          13.12851744766992
        ]
      }
    },
    {
      "type": "Feature",
      "properties": {
        "id": "N098",
        "feature_type": "map_node",
        "node_type": "edge_endpoint",
        "name": "Derived routing point",
        "source_names": [],
        "phase": 1
      },
      "geometry": {
        "type": "Point",
        "coordinates": [
          123.7408463128015,
          13.12850621571828
        ]
      }
    },
    {
      "type": "Feature",
      "properties": {
        "id": "N099",
        "feature_type": "map_node",
        "node_type": "junction",
        "name": "Reviewed junction E017",
        "source_names": [],
        "phase": 1
      },
      "geometry": {
        "type": "Point",
        "coordinates": [
          123.74102747387313,
          13.128487578031512
        ]
      }
    },
    {
      "type": "Feature",
      "properties": {
        "id": "N100",
        "feature_type": "map_node",
        "node_type": "junction",
        "name": "Reviewed junction E017",
        "source_names": [],
        "phase": 1
      },
      "geometry": {
        "type": "Point",
        "coordinates": [
          123.74110631576322,
          13.128479466849354
        ]
      }
    },
    {
      "type": "Feature",
      "properties": {
        "id": "N101",
        "feature_type": "map_node",
        "node_type": "junction",
        "name": "Reviewed junction E018",
        "source_names": [],
        "phase": 1
      },
      "geometry": {
        "type": "Point",
        "coordinates": [
          123.7415297304188,
          13.12862941754102
        ]
      }
    },
    {
      "type": "Feature",
      "properties": {
        "id": "N102",
        "feature_type": "map_node",
        "node_type": "junction",
        "name": "Reviewed junction E018",
        "source_names": [],
        "phase": 1
      },
      "geometry": {
        "type": "Point",
        "coordinates": [
          123.74153127046254,
          13.128738823037786
        ]
      }
    },
    {
      "type": "Feature",
      "properties": {
        "id": "N103",
        "feature_type": "map_node",
        "node_type": "edge_endpoint",
        "name": "Derived routing point",
        "source_names": [],
        "phase": 1
      },
      "geometry": {
        "type": "Point",
        "coordinates": [
          123.7415320054693,
          13.12879103829396
        ]
      }
    },
    {
      "type": "Feature",
      "properties": {
        "id": "N104",
        "feature_type": "map_node",
        "node_type": "junction",
        "name": "Reviewed junction E018",
        "source_names": [],
        "phase": 1
      },
      "geometry": {
        "type": "Point",
        "coordinates": [
          123.74153629823338,
          13.128933282782496
        ]
      }
    },
    {
      "type": "Feature",
      "properties": {
        "id": "E001",
        "feature_type": "map_edge",
        "edge_type": "path",
        "source_name": "PATH|FL-LEG|W003|RPG Main",
        "derived_segment_of": "E001",
        "from_node_id": "N015",
        "to_node_id": "N016",
        "phase": 1,
        "is_restricted": false,
        "distance_m": 19.88,
        "connection_status": "source_geometry"
      },
      "geometry": {
        "type": "LineString",
        "coordinates": [
          [
            123.7411038120985,
            13.12845638635186
          ],
          [
            123.7410913777065,
            13.12827804533663
          ]
        ]
      }
    },
    {
      "type": "Feature",
      "properties": {
        "id": "E002",
        "feature_type": "map_edge",
        "edge_type": "path",
        "source_name": "PATH|FL-LEG|W001|RPG",
        "derived_segment_of": "E002",
        "from_node_id": "N017",
        "to_node_id": "N014",
        "phase": 1,
        "is_restricted": false,
        "distance_m": 25.83,
        "connection_status": "source_geometry"
      },
      "geometry": {
        "type": "LineString",
        "coordinates": [
          [
            123.7407437563408,
            13.12848669992525
          ],
          [
            123.7406766861297,
            13.12826377575012
          ]
        ]
      }
    },
    {
      "type": "Feature",
      "properties": {
        "id": "E003",
        "feature_type": "map_edge",
        "edge_type": "path",
        "source_name": "PATH|FL-LEG|W001|RPG",
        "derived_segment_of": "E002",
        "from_node_id": "N014",
        "to_node_id": "N018",
        "phase": 1,
        "is_restricted": false,
        "distance_m": 22.43,
        "connection_status": "confirmed_geometry"
      },
      "geometry": {
        "type": "LineString",
        "coordinates": [
          [
            123.74067641318726,
            13.12826285121816
          ],
          [
            123.7406191701803,
            13.12806895323293
          ]
        ]
      }
    },
    {
      "type": "Feature",
      "properties": {
        "id": "E004",
        "feature_type": "map_edge",
        "edge_type": "path",
        "source_name": "PATH|FL-LEG|W002|RPG",
        "derived_segment_of": "E003",
        "from_node_id": "N014",
        "to_node_id": "N019",
        "phase": 1,
        "is_restricted": false,
        "distance_m": 41.45,
        "connection_status": "confirmed_geometry"
      },
      "geometry": {
        "type": "LineString",
        "coordinates": [
          [
            123.74067641318726,
            13.12826285121816
          ],
          [
            123.7410586019583,
            13.12824302766891
          ]
        ]
      }
    },
    {
      "type": "Feature",
      "properties": {
        "id": "E005",
        "feature_type": "map_edge",
        "edge_type": "path",
        "source_name": "PATH|FL-LEG|W004|RPG",
        "derived_segment_of": "E004",
        "from_node_id": "N020",
        "to_node_id": "N042",
        "phase": 1,
        "is_restricted": false,
        "distance_m": 21.62,
        "connection_status": "source_geometry"
      },
      "geometry": {
        "type": "LineString",
        "coordinates": [
          [
            123.7410829816531,
            13.12820458724272
          ],
          [
            123.7410678839943,
            13.12801068950536
          ]
        ]
      }
    },
    {
      "type": "Feature",
      "properties": {
        "id": "E006",
        "feature_type": "map_edge",
        "edge_type": "path",
        "source_name": "PATH|FL-LEG|W004|RPG",
        "derived_segment_of": "E004",
        "from_node_id": "N042",
        "to_node_id": "N043",
        "phase": 1,
        "is_restricted": false,
        "distance_m": 2.54,
        "connection_status": "source_geometry"
      },
      "geometry": {
        "type": "LineString",
        "coordinates": [
          [
            123.7410678839943,
            13.12801068950536
          ],
          [
            123.7410851564649,
            13.12799518223994
          ]
        ]
      }
    },
    {
      "type": "Feature",
      "properties": {
        "id": "E007",
        "feature_type": "map_edge",
        "edge_type": "path",
        "source_name": "PATH|FL-LEG|W004|RPG",
        "derived_segment_of": "E004",
        "from_node_id": "N043",
        "to_node_id": "N044",
        "phase": 1,
        "is_restricted": false,
        "distance_m": 2.5,
        "connection_status": "source_geometry"
      },
      "geometry": {
        "type": "LineString",
        "coordinates": [
          [
            123.7410851564649,
            13.12799518223994
          ],
          [
            123.7410807209723,
            13.12797308966474
          ]
        ]
      }
    },
    {
      "type": "Feature",
      "properties": {
        "id": "E008",
        "feature_type": "map_edge",
        "edge_type": "path",
        "source_name": "PATH|FL-LEG|W004|RPG",
        "derived_segment_of": "E004",
        "from_node_id": "N044",
        "to_node_id": "N045",
        "phase": 1,
        "is_restricted": false,
        "distance_m": 1.94,
        "connection_status": "source_geometry"
      },
      "geometry": {
        "type": "LineString",
        "coordinates": [
          [
            123.7410807209723,
            13.12797308966474
          ],
          [
            123.7410911492804,
            13.12795888981274
          ]
        ]
      }
    },
    {
      "type": "Feature",
      "properties": {
        "id": "E009",
        "feature_type": "map_edge",
        "edge_type": "path",
        "source_name": "PATH|FL-LEG|W004|RPG",
        "derived_segment_of": "E004",
        "from_node_id": "N045",
        "to_node_id": "N046",
        "phase": 1,
        "is_restricted": false,
        "distance_m": 1.63,
        "connection_status": "source_geometry"
      },
      "geometry": {
        "type": "LineString",
        "coordinates": [
          [
            123.7410911492804,
            13.12795888981274
          ],
          [
            123.7411051009502,
            13.12795341293118
          ]
        ]
      }
    },
    {
      "type": "Feature",
      "properties": {
        "id": "E010",
        "feature_type": "map_edge",
        "edge_type": "path",
        "source_name": "PATH|FL-LEG|W004|RPG",
        "derived_segment_of": "E004",
        "from_node_id": "N046",
        "to_node_id": "N021",
        "phase": 1,
        "is_restricted": false,
        "distance_m": 1.36,
        "connection_status": "source_geometry"
      },
      "geometry": {
        "type": "LineString",
        "coordinates": [
          [
            123.7411051009502,
            13.12795341293118
          ],
          [
            123.7411036713225,
            13.12794129821973
          ]
        ]
      }
    },
    {
      "type": "Feature",
      "properties": {
        "id": "E011",
        "feature_type": "map_edge",
        "edge_type": "path",
        "source_name": "PATH|FL-LEG|W005|RPG",
        "derived_segment_of": "E005",
        "from_node_id": "N022",
        "to_node_id": "N047",
        "phase": 1,
        "is_restricted": false,
        "distance_m": 10.58,
        "connection_status": "source_geometry"
      },
      "geometry": {
        "type": "LineString",
        "coordinates": [
          [
            123.7411210258106,
            13.12823370366797
          ],
          [
            123.7412184214383,
            13.12822663773535
          ]
        ]
      }
    },
    {
      "type": "Feature",
      "properties": {
        "id": "E012",
        "feature_type": "map_edge",
        "edge_type": "path",
        "source_name": "PATH|FL-LEG|W005|RPG",
        "derived_segment_of": "E005",
        "from_node_id": "N047",
        "to_node_id": "N048",
        "phase": 1,
        "is_restricted": false,
        "distance_m": 10.5,
        "connection_status": "source_geometry"
      },
      "geometry": {
        "type": "LineString",
        "coordinates": [
          [
            123.7412184214383,
            13.12822663773535
          ],
          [
            123.7413150867108,
            13.12821880609869
          ]
        ]
      }
    },
    {
      "type": "Feature",
      "properties": {
        "id": "E013",
        "feature_type": "map_edge",
        "edge_type": "path",
        "source_name": "PATH|FL-LEG|W005|RPG",
        "derived_segment_of": "E005",
        "from_node_id": "N048",
        "to_node_id": "N049",
        "phase": 1,
        "is_restricted": false,
        "distance_m": 10.69,
        "connection_status": "source_geometry"
      },
      "geometry": {
        "type": "LineString",
        "coordinates": [
          [
            123.7413150867108,
            13.12821880609869
          ],
          [
            123.7414128768224,
            13.12820538204031
          ]
        ]
      }
    },
    {
      "type": "Feature",
      "properties": {
        "id": "E014",
        "feature_type": "map_edge",
        "edge_type": "path",
        "source_name": "PATH|FL-LEG|W005|RPG",
        "derived_segment_of": "E005",
        "from_node_id": "N049",
        "to_node_id": "N023",
        "phase": 1,
        "is_restricted": false,
        "distance_m": 10.6,
        "connection_status": "source_geometry"
      },
      "geometry": {
        "type": "LineString",
        "coordinates": [
          [
            123.7414128768224,
            13.12820538204031
          ],
          [
            123.7415097127076,
            13.12819138231603
          ]
        ]
      }
    },
    {
      "type": "Feature",
      "properties": {
        "id": "E015",
        "feature_type": "map_edge",
        "edge_type": "path",
        "source_name": "PATH|FL-LEG|W001|HPG",
        "derived_segment_of": "E006",
        "from_node_id": "N024",
        "to_node_id": "N025",
        "phase": 1,
        "is_restricted": false,
        "distance_m": 51.53,
        "connection_status": "source_geometry"
      },
      "geometry": {
        "type": "LineString",
        "coordinates": [
          [
            123.7410296297591,
            13.12879412177239
          ],
          [
            123.7405567062705,
            13.12884564554591
          ]
        ]
      }
    },
    {
      "type": "Feature",
      "properties": {
        "id": "E016",
        "feature_type": "map_edge",
        "edge_type": "path",
        "source_name": "PATH|FL-LEG|W002|HPG",
        "derived_segment_of": "E007",
        "from_node_id": "N026",
        "to_node_id": "N027",
        "phase": 1,
        "is_restricted": false,
        "distance_m": 26.32,
        "connection_status": "source_geometry"
      },
      "geometry": {
        "type": "LineString",
        "coordinates": [
          [
            123.7410663920915,
            13.12883058569264
          ],
          [
            123.7410914578424,
            13.12906599056837
          ]
        ]
      }
    },
    {
      "type": "Feature",
      "properties": {
        "id": "E017",
        "feature_type": "map_edge",
        "edge_type": "path",
        "source_name": "PATH|FL-LEG|W003|HPG",
        "derived_segment_of": "E008",
        "from_node_id": "N028",
        "to_node_id": "N029",
        "phase": 1,
        "is_restricted": false,
        "distance_m": 44.41,
        "connection_status": "source_geometry"
      },
      "geometry": {
        "type": "LineString",
        "coordinates": [
          [
            123.7410943889899,
            13.12878641535624
          ],
          [
            123.7415015811615,
            13.12873921939796
          ]
        ]
      }
    },
    {
      "type": "Feature",
      "properties": {
        "id": "E018",
        "feature_type": "map_edge",
        "edge_type": "path",
        "source_name": "PATH|FL-LEG|W004|HPG",
        "derived_segment_of": "E009",
        "from_node_id": "N030",
        "to_node_id": "N031",
        "phase": 1,
        "is_restricted": false,
        "distance_m": 26.68,
        "connection_status": "source_geometry"
      },
      "geometry": {
        "type": "LineString",
        "coordinates": [
          [
            123.7410577506299,
            13.12876742989936
          ],
          [
            123.7410319420409,
            13.12852876866479
          ]
        ]
      }
    },
    {
      "type": "Feature",
      "properties": {
        "id": "E019",
        "feature_type": "map_edge",
        "edge_type": "path",
        "source_name": "PATH|FL-LEG|W001|YPG",
        "derived_segment_of": "E010",
        "from_node_id": "N032",
        "to_node_id": "N035",
        "phase": 1,
        "is_restricted": false,
        "distance_m": 40.12,
        "connection_status": "source_geometry"
      },
      "geometry": {
        "type": "LineString",
        "coordinates": [
          [
            123.741573835457,
            13.12893220839772
          ],
          [
            123.74194253649438,
            13.128896501224459
          ]
        ]
      }
    },
    {
      "type": "Feature",
      "properties": {
        "id": "E020",
        "feature_type": "map_edge",
        "edge_type": "path",
        "source_name": "PATH|FL-LEG|W001|YPG",
        "derived_segment_of": "E010",
        "from_node_id": "N035",
        "to_node_id": "N033",
        "phase": 1,
        "is_restricted": false,
        "distance_m": 36.24,
        "connection_status": "source_geometry"
      },
      "geometry": {
        "type": "LineString",
        "coordinates": [
          [
            123.74194253649438,
            13.128896501224459
          ],
          [
            123.7422755173042,
            13.12886425340776
          ]
        ]
      }
    },
    {
      "type": "Feature",
      "properties": {
        "id": "E021",
        "feature_type": "map_edge",
        "edge_type": "path",
        "source_name": "PATH|FL-LEG|W002|YPG",
        "derived_segment_of": "E011",
        "from_node_id": "N034",
        "to_node_id": "N035",
        "phase": 1,
        "is_restricted": false,
        "distance_m": 25.57,
        "connection_status": "source_geometry"
      },
      "geometry": {
        "type": "LineString",
        "coordinates": [
          [
            123.7419366147827,
            13.12866285650484
          ],
          [
            123.7419421506023,
            13.12889272218984
          ]
        ]
      }
    },
    {
      "type": "Feature",
      "properties": {
        "id": "E022",
        "feature_type": "map_edge",
        "edge_type": "path",
        "source_name": "PATH|FL-LEG|W003|YPG",
        "derived_segment_of": "E012",
        "from_node_id": "N036",
        "to_node_id": "N037",
        "phase": 1,
        "is_restricted": false,
        "distance_m": 38.37,
        "connection_status": "source_geometry"
      },
      "geometry": {
        "type": "LineString",
        "coordinates": [
          [
            123.7419104118998,
            13.12862527905005
          ],
          [
            123.7415561335953,
            13.12862919411653
          ]
        ]
      }
    },
    {
      "type": "Feature",
      "properties": {
        "id": "E023",
        "feature_type": "map_edge",
        "edge_type": "path",
        "source_name": "PATH|FL-LEG|W004|YPG",
        "derived_segment_of": "E013",
        "from_node_id": "N038",
        "to_node_id": "N039",
        "phase": 1,
        "is_restricted": false,
        "distance_m": 32.24,
        "connection_status": "source_geometry"
      },
      "geometry": {
        "type": "LineString",
        "coordinates": [
          [
            123.7419729722561,
            13.12862538973531
          ],
          [
            123.7422707228544,
            13.12862567178184
          ]
        ]
      }
    },
    {
      "type": "Feature",
      "properties": {
        "id": "E024",
        "feature_type": "map_edge",
        "edge_type": "path",
        "source_name": "PATH|FL-LEG|W005|YPG",
        "derived_segment_of": "E014",
        "from_node_id": "N040",
        "to_node_id": "N041",
        "phase": 1,
        "is_restricted": false,
        "distance_m": 24.2,
        "connection_status": "source_geometry"
      },
      "geometry": {
        "type": "LineString",
        "coordinates": [
          [
            123.7419382171864,
            13.12860247231768
          ],
          [
            123.741942596372,
            13.12838490674422
          ]
        ]
      }
    },
    {
      "type": "Feature",
      "properties": {
        "id": "E025",
        "feature_type": "map_edge",
        "edge_type": "road",
        "source_name": "ROADWAY|FL-LEG|Main Roadway",
        "derived_segment_of": "E015",
        "from_node_id": "N004",
        "to_node_id": "N050",
        "phase": 1,
        "is_restricted": false,
        "distance_m": 10.01,
        "connection_status": "source_geometry"
      },
      "geometry": {
        "type": "LineString",
        "coordinates": [
          [
            123.7397112870844,
            13.12801380647635
          ],
          [
            123.73977072649,
            13.12808280454901
          ]
        ]
      }
    },
    {
      "type": "Feature",
      "properties": {
        "id": "E026",
        "feature_type": "map_edge",
        "edge_type": "road",
        "source_name": "ROADWAY|FL-LEG|Main Roadway",
        "derived_segment_of": "E015",
        "from_node_id": "N050",
        "to_node_id": "N051",
        "phase": 1,
        "is_restricted": false,
        "distance_m": 8.22,
        "connection_status": "source_geometry"
      },
      "geometry": {
        "type": "LineString",
        "coordinates": [
          [
            123.73977072649,
            13.12808280454901
          ],
          [
            123.7398454959677,
            13.12807027669366
          ]
        ]
      }
    },
    {
      "type": "Feature",
      "properties": {
        "id": "E027",
        "feature_type": "map_edge",
        "edge_type": "road",
        "source_name": "ROADWAY|FL-LEG|Main Roadway",
        "derived_segment_of": "E015",
        "from_node_id": "N051",
        "to_node_id": "N052",
        "phase": 1,
        "is_restricted": false,
        "distance_m": 43.76,
        "connection_status": "source_geometry"
      },
      "geometry": {
        "type": "LineString",
        "coordinates": [
          [
            123.7398454959677,
            13.12807027669366
          ],
          [
            123.740229109141,
            13.12794647249112
          ]
        ]
      }
    },
    {
      "type": "Feature",
      "properties": {
        "id": "E028",
        "feature_type": "map_edge",
        "edge_type": "road",
        "source_name": "ROADWAY|FL-LEG|Main Roadway",
        "derived_segment_of": "E015",
        "from_node_id": "N052",
        "to_node_id": "N053",
        "phase": 1,
        "is_restricted": false,
        "distance_m": 7.34,
        "connection_status": "source_geometry"
      },
      "geometry": {
        "type": "LineString",
        "coordinates": [
          [
            123.740229109141,
            13.12794647249112
          ],
          [
            123.7402710293218,
            13.12799829758109
          ]
        ]
      }
    },
    {
      "type": "Feature",
      "properties": {
        "id": "E029",
        "feature_type": "map_edge",
        "edge_type": "road",
        "source_name": "ROADWAY|FL-LEG|Main Roadway",
        "derived_segment_of": "E015",
        "from_node_id": "N053",
        "to_node_id": "N054",
        "phase": 1,
        "is_restricted": false,
        "distance_m": 8.14,
        "connection_status": "source_geometry"
      },
      "geometry": {
        "type": "LineString",
        "coordinates": [
          [
            123.7402710293218,
            13.12799829758109
          ],
          [
            123.7402771917625,
            13.1280712789659
          ]
        ]
      }
    },
    {
      "type": "Feature",
      "properties": {
        "id": "E030",
        "feature_type": "map_edge",
        "edge_type": "road",
        "source_name": "ROADWAY|FL-LEG|Main Roadway",
        "derived_segment_of": "E015",
        "from_node_id": "N054",
        "to_node_id": "N007",
        "phase": 1,
        "is_restricted": false,
        "distance_m": 1.8,
        "connection_status": "source_geometry"
      },
      "geometry": {
        "type": "LineString",
        "coordinates": [
          [
            123.7402771917625,
            13.1280712789659
          ],
          [
            123.74027295985273,
            13.128086943164522
          ]
        ]
      }
    },
    {
      "type": "Feature",
      "properties": {
        "id": "E031",
        "feature_type": "map_edge",
        "edge_type": "road",
        "source_name": "ROADWAY|FL-LEG|Main Roadway",
        "derived_segment_of": "E015",
        "from_node_id": "N007",
        "to_node_id": "N055",
        "phase": 1,
        "is_restricted": false,
        "distance_m": 5.25,
        "connection_status": "source_geometry"
      },
      "geometry": {
        "type": "LineString",
        "coordinates": [
          [
            123.74027295985273,
            13.128086943164522
          ],
          [
            123.7402606332397,
            13.12813256949534
          ]
        ]
      }
    },
    {
      "type": "Feature",
      "properties": {
        "id": "E032",
        "feature_type": "map_edge",
        "edge_type": "road",
        "source_name": "ROADWAY|FL-LEG|Main Roadway",
        "derived_segment_of": "E015",
        "from_node_id": "N055",
        "to_node_id": "N056",
        "phase": 1,
        "is_restricted": false,
        "distance_m": 27.82,
        "connection_status": "source_geometry"
      },
      "geometry": {
        "type": "LineString",
        "coordinates": [
          [
            123.7402606332397,
            13.12813256949534
          ],
          [
            123.7400153387492,
            13.12820699852901
          ]
        ]
      }
    },
    {
      "type": "Feature",
      "properties": {
        "id": "E033",
        "feature_type": "map_edge",
        "edge_type": "road",
        "source_name": "ROADWAY|FL-LEG|Main Roadway",
        "derived_segment_of": "E015",
        "from_node_id": "N056",
        "to_node_id": "N057",
        "phase": 1,
        "is_restricted": false,
        "distance_m": 39.73,
        "connection_status": "source_geometry"
      },
      "geometry": {
        "type": "LineString",
        "coordinates": [
          [
            123.7400153387492,
            13.12820699852901
          ],
          [
            123.7396818071203,
            13.12835577396909
          ]
        ]
      }
    },
    {
      "type": "Feature",
      "properties": {
        "id": "E034",
        "feature_type": "map_edge",
        "edge_type": "road",
        "source_name": "ROADWAY|FL-LEG|Main Roadway",
        "derived_segment_of": "E015",
        "from_node_id": "N057",
        "to_node_id": "N058",
        "phase": 1,
        "is_restricted": false,
        "distance_m": 5.5,
        "connection_status": "source_geometry"
      },
      "geometry": {
        "type": "LineString",
        "coordinates": [
          [
            123.7396818071203,
            13.12835577396909
          ],
          [
            123.7396574387865,
            13.12839913422864
          ]
        ]
      }
    },
    {
      "type": "Feature",
      "properties": {
        "id": "E035",
        "feature_type": "map_edge",
        "edge_type": "road",
        "source_name": "ROADWAY|FL-LEG|Main Roadway",
        "derived_segment_of": "E015",
        "from_node_id": "N058",
        "to_node_id": "N059",
        "phase": 1,
        "is_restricted": false,
        "distance_m": 14.58,
        "connection_status": "source_geometry"
      },
      "geometry": {
        "type": "LineString",
        "coordinates": [
          [
            123.7396574387865,
            13.12839913422864
          ],
          [
            123.739706816544,
            13.12852110923973
          ]
        ]
      }
    },
    {
      "type": "Feature",
      "properties": {
        "id": "E036",
        "feature_type": "map_edge",
        "edge_type": "road",
        "source_name": "ROADWAY|FL-LEG|Main Roadway",
        "derived_segment_of": "E015",
        "from_node_id": "N059",
        "to_node_id": "N060",
        "phase": 1,
        "is_restricted": false,
        "distance_m": 10.49,
        "connection_status": "source_geometry"
      },
      "geometry": {
        "type": "LineString",
        "coordinates": [
          [
            123.739706816544,
            13.12852110923973
          ],
          [
            123.7398023173485,
            13.12853685039488
          ]
        ]
      }
    },
    {
      "type": "Feature",
      "properties": {
        "id": "E037",
        "feature_type": "map_edge",
        "edge_type": "road",
        "source_name": "ROADWAY|FL-LEG|Main Roadway",
        "derived_segment_of": "E015",
        "from_node_id": "N060",
        "to_node_id": "N061",
        "phase": 1,
        "is_restricted": false,
        "distance_m": 49.93,
        "connection_status": "source_geometry"
      },
      "geometry": {
        "type": "LineString",
        "coordinates": [
          [
            123.7398023173485,
            13.12853685039488
          ],
          [
            123.7402621309934,
            13.12856995940548
          ]
        ]
      }
    },
    {
      "type": "Feature",
      "properties": {
        "id": "E038",
        "feature_type": "map_edge",
        "edge_type": "road",
        "source_name": "ROADWAY|FL-LEG|Main Roadway",
        "derived_segment_of": "E015",
        "from_node_id": "N061",
        "to_node_id": "N062",
        "phase": 1,
        "is_restricted": false,
        "distance_m": 20.42,
        "connection_status": "source_geometry"
      },
      "geometry": {
        "type": "LineString",
        "coordinates": [
          [
            123.7402621309934,
            13.12856995940548
          ],
          [
            123.7403985962141,
            13.12869665768937
          ]
        ]
      }
    },
    {
      "type": "Feature",
      "properties": {
        "id": "E039",
        "feature_type": "map_edge",
        "edge_type": "road",
        "source_name": "ROADWAY|FL-LEG|Main Roadway",
        "derived_segment_of": "E015",
        "from_node_id": "N062",
        "to_node_id": "N008",
        "phase": 1,
        "is_restricted": false,
        "distance_m": 17,
        "connection_status": "source_geometry"
      },
      "geometry": {
        "type": "LineString",
        "coordinates": [
          [
            123.7403985962141,
            13.12869665768937
          ],
          [
            123.7404993041061,
            13.128813993632665
          ]
        ]
      }
    },
    {
      "type": "Feature",
      "properties": {
        "id": "E040",
        "feature_type": "map_edge",
        "edge_type": "road",
        "source_name": "ROADWAY|FL-LEG|Main Roadway",
        "derived_segment_of": "E015",
        "from_node_id": "N008",
        "to_node_id": "N063",
        "phase": 1,
        "is_restricted": false,
        "distance_m": 4.99,
        "connection_status": "source_geometry"
      },
      "geometry": {
        "type": "LineString",
        "coordinates": [
          [
            123.7405005150963,
            13.12881540457152
          ],
          [
            123.74051391303432,
            13.128858316992607
          ]
        ]
      }
    },
    {
      "type": "Feature",
      "properties": {
        "id": "E041",
        "feature_type": "map_edge",
        "edge_type": "road",
        "source_name": "ROADWAY|FL-LEG|Main Roadway",
        "derived_segment_of": "E015",
        "from_node_id": "N063",
        "to_node_id": "N064",
        "phase": 1,
        "is_restricted": false,
        "distance_m": 18.42,
        "connection_status": "source_geometry"
      },
      "geometry": {
        "type": "LineString",
        "coordinates": [
          [
            123.74051391303432,
            13.128858316992607
          ],
          [
            123.7405633928761,
            13.12901679658876
          ]
        ]
      }
    },
    {
      "type": "Feature",
      "properties": {
        "id": "E042",
        "feature_type": "map_edge",
        "edge_type": "road",
        "source_name": "ROADWAY|FL-LEG|Main Roadway",
        "derived_segment_of": "E015",
        "from_node_id": "N064",
        "to_node_id": "N065",
        "phase": 1,
        "is_restricted": false,
        "distance_m": 9.77,
        "connection_status": "source_geometry"
      },
      "geometry": {
        "type": "LineString",
        "coordinates": [
          [
            123.7405633928761,
            13.12901679658876
          ],
          [
            123.7406128162871,
            13.12909026539858
          ]
        ]
      }
    },
    {
      "type": "Feature",
      "properties": {
        "id": "E043",
        "feature_type": "map_edge",
        "edge_type": "road",
        "source_name": "ROADWAY|FL-LEG|Main Roadway",
        "derived_segment_of": "E015",
        "from_node_id": "N065",
        "to_node_id": "N066",
        "phase": 1,
        "is_restricted": false,
        "distance_m": 7.81,
        "connection_status": "source_geometry"
      },
      "geometry": {
        "type": "LineString",
        "coordinates": [
          [
            123.7406128162871,
            13.12909026539858
          ],
          [
            123.7406755666294,
            13.12912496937015
          ]
        ]
      }
    },
    {
      "type": "Feature",
      "properties": {
        "id": "E044",
        "feature_type": "map_edge",
        "edge_type": "road",
        "source_name": "ROADWAY|FL-LEG|Main Roadway",
        "derived_segment_of": "E015",
        "from_node_id": "N066",
        "to_node_id": "N067",
        "phase": 1,
        "is_restricted": false,
        "distance_m": 11.61,
        "connection_status": "source_geometry"
      },
      "geometry": {
        "type": "LineString",
        "coordinates": [
          [
            123.7406755666294,
            13.12912496937015
          ],
          [
            123.7407826917707,
            13.12912944187823
          ]
        ]
      }
    },
    {
      "type": "Feature",
      "properties": {
        "id": "E045",
        "feature_type": "map_edge",
        "edge_type": "road",
        "source_name": "ROADWAY|FL-LEG|Main Roadway",
        "derived_segment_of": "E015",
        "from_node_id": "N067",
        "to_node_id": "N068",
        "phase": 1,
        "is_restricted": false,
        "distance_m": 33.99,
        "connection_status": "source_geometry"
      },
      "geometry": {
        "type": "LineString",
        "coordinates": [
          [
            123.7407826917707,
            13.12912944187823
          ],
          [
            123.74109485725262,
            13.129097424927034
          ]
        ]
      }
    },
    {
      "type": "Feature",
      "properties": {
        "id": "E046",
        "feature_type": "map_edge",
        "edge_type": "road",
        "source_name": "ROADWAY|FL-LEG|Main Roadway",
        "derived_segment_of": "E015",
        "from_node_id": "N068",
        "to_node_id": "N069",
        "phase": 1,
        "is_restricted": false,
        "distance_m": 48.61,
        "connection_status": "source_geometry"
      },
      "geometry": {
        "type": "LineString",
        "coordinates": [
          [
            123.74109485725262,
            13.129097424927034
          ],
          [
            123.7415412714806,
            13.12905163888284
          ]
        ]
      }
    },
    {
      "type": "Feature",
      "properties": {
        "id": "E047",
        "feature_type": "map_edge",
        "edge_type": "road",
        "source_name": "ROADWAY|FL-LEG|Main Roadway",
        "derived_segment_of": "E015",
        "from_node_id": "N069",
        "to_node_id": "N070",
        "phase": 1,
        "is_restricted": false,
        "distance_m": 72.47,
        "connection_status": "source_geometry"
      },
      "geometry": {
        "type": "LineString",
        "coordinates": [
          [
            123.7415412714806,
            13.12905163888284
          ],
          [
            123.7422068286358,
            13.12898337665594
          ]
        ]
      }
    },
    {
      "type": "Feature",
      "properties": {
        "id": "E048",
        "feature_type": "map_edge",
        "edge_type": "road",
        "source_name": "ROADWAY|FL-LEG|Main Roadway",
        "derived_segment_of": "E015",
        "from_node_id": "N070",
        "to_node_id": "N071",
        "phase": 1,
        "is_restricted": false,
        "distance_m": 9.26,
        "connection_status": "source_geometry"
      },
      "geometry": {
        "type": "LineString",
        "coordinates": [
          [
            123.7422068286358,
            13.12898337665594
          ],
          [
            123.7422904940647,
            13.1289662051758
          ]
        ]
      }
    },
    {
      "type": "Feature",
      "properties": {
        "id": "E049",
        "feature_type": "map_edge",
        "edge_type": "road",
        "source_name": "ROADWAY|FL-LEG|Main Roadway",
        "derived_segment_of": "E015",
        "from_node_id": "N071",
        "to_node_id": "N072",
        "phase": 1,
        "is_restricted": false,
        "distance_m": 11.07,
        "connection_status": "source_geometry"
      },
      "geometry": {
        "type": "LineString",
        "coordinates": [
          [
            123.7422904940647,
            13.1289662051758
          ],
          [
            123.7423228442603,
            13.12887177479097
          ]
        ]
      }
    },
    {
      "type": "Feature",
      "properties": {
        "id": "E050",
        "feature_type": "map_edge",
        "edge_type": "road",
        "source_name": "ROADWAY|FL-LEG|Main Roadway",
        "derived_segment_of": "E015",
        "from_node_id": "N072",
        "to_node_id": "N073",
        "phase": 1,
        "is_restricted": false,
        "distance_m": 1.18,
        "connection_status": "source_geometry"
      },
      "geometry": {
        "type": "LineString",
        "coordinates": [
          [
            123.7423228442603,
            13.12887177479097
          ],
          [
            123.74232211043736,
            13.128861189878382
          ]
        ]
      }
    },
    {
      "type": "Feature",
      "properties": {
        "id": "E051",
        "feature_type": "map_edge",
        "edge_type": "road",
        "source_name": "ROADWAY|FL-LEG|Main Roadway",
        "derived_segment_of": "E015",
        "from_node_id": "N073",
        "to_node_id": "N074",
        "phase": 1,
        "is_restricted": false,
        "distance_m": 26.5,
        "connection_status": "source_geometry"
      },
      "geometry": {
        "type": "LineString",
        "coordinates": [
          [
            123.74232211043736,
            13.128861189878382
          ],
          [
            123.74230562352585,
            13.128623377039567
          ]
        ]
      }
    },
    {
      "type": "Feature",
      "properties": {
        "id": "E052",
        "feature_type": "map_edge",
        "edge_type": "road",
        "source_name": "ROADWAY|FL-LEG|Main Roadway",
        "derived_segment_of": "E015",
        "from_node_id": "N074",
        "to_node_id": "N075",
        "phase": 1,
        "is_restricted": false,
        "distance_m": 7.08,
        "connection_status": "source_geometry"
      },
      "geometry": {
        "type": "LineString",
        "coordinates": [
          [
            123.74230562352585,
            13.128623377039567
          ],
          [
            123.7423012204792,
            13.12855986599199
          ]
        ]
      }
    },
    {
      "type": "Feature",
      "properties": {
        "id": "E053",
        "feature_type": "map_edge",
        "edge_type": "road",
        "source_name": "ROADWAY|FL-LEG|Main Roadway",
        "derived_segment_of": "E015",
        "from_node_id": "N075",
        "to_node_id": "N076",
        "phase": 1,
        "is_restricted": false,
        "distance_m": 10.29,
        "connection_status": "source_geometry"
      },
      "geometry": {
        "type": "LineString",
        "coordinates": [
          [
            123.7423012204792,
            13.12855986599199
          ],
          [
            123.742264729358,
            13.12847441843111
          ]
        ]
      }
    },
    {
      "type": "Feature",
      "properties": {
        "id": "E054",
        "feature_type": "map_edge",
        "edge_type": "road",
        "source_name": "ROADWAY|FL-LEG|Main Roadway",
        "derived_segment_of": "E015",
        "from_node_id": "N076",
        "to_node_id": "N077",
        "phase": 1,
        "is_restricted": false,
        "distance_m": 36.05,
        "connection_status": "source_geometry"
      },
      "geometry": {
        "type": "LineString",
        "coordinates": [
          [
            123.742264729358,
            13.12847441843111
          ],
          [
            123.74195691622621,
            13.128351027199518
          ]
        ]
      }
    },
    {
      "type": "Feature",
      "properties": {
        "id": "E055",
        "feature_type": "map_edge",
        "edge_type": "road",
        "source_name": "ROADWAY|FL-LEG|Main Roadway",
        "derived_segment_of": "E015",
        "from_node_id": "N077",
        "to_node_id": "N006",
        "phase": 1,
        "is_restricted": false,
        "distance_m": 48.93,
        "connection_status": "source_geometry"
      },
      "geometry": {
        "type": "LineString",
        "coordinates": [
          [
            123.74195691622621,
            13.128351027199518
          ],
          [
            123.74153908583847,
            13.128183534000494
          ]
        ]
      }
    },
    {
      "type": "Feature",
      "properties": {
        "id": "E056",
        "feature_type": "map_edge",
        "edge_type": "road",
        "source_name": "ROADWAY|FL-LEG|Main Roadway",
        "derived_segment_of": "E015",
        "from_node_id": "N006",
        "to_node_id": "N078",
        "phase": 1,
        "is_restricted": false,
        "distance_m": 0.28,
        "connection_status": "source_geometry"
      },
      "geometry": {
        "type": "LineString",
        "coordinates": [
          [
            123.74153908583847,
            13.128183534000494
          ],
          [
            123.7415367039778,
            13.12818257919808
          ]
        ]
      }
    },
    {
      "type": "Feature",
      "properties": {
        "id": "E057",
        "feature_type": "map_edge",
        "edge_type": "road",
        "source_name": "ROADWAY|FL-LEG|Main Roadway",
        "derived_segment_of": "E015",
        "from_node_id": "N078",
        "to_node_id": "N079",
        "phase": 1,
        "is_restricted": false,
        "distance_m": 35.24,
        "connection_status": "source_geometry"
      },
      "geometry": {
        "type": "LineString",
        "coordinates": [
          [
            123.7415367039778,
            13.12818257919808
          ],
          [
            123.7415466706432,
            13.12786581449556
          ]
        ]
      }
    },
    {
      "type": "Feature",
      "properties": {
        "id": "E058",
        "feature_type": "map_edge",
        "edge_type": "road",
        "source_name": "ROADWAY|FL-LEG|Main Roadway",
        "derived_segment_of": "E015",
        "from_node_id": "N079",
        "to_node_id": "N005",
        "phase": 1,
        "is_restricted": false,
        "distance_m": 15.66,
        "connection_status": "source_geometry"
      },
      "geometry": {
        "type": "LineString",
        "coordinates": [
          [
            123.7415466706432,
            13.12786581449556
          ],
          [
            123.7415510151604,
            13.12772507351489
          ]
        ]
      }
    },
    {
      "type": "Feature",
      "properties": {
        "id": "E059",
        "feature_type": "map_edge",
        "edge_type": "road",
        "source_name": "ROADWAY|FL-LEG|Main Roadway",
        "derived_segment_of": "E015",
        "from_node_id": "N005",
        "to_node_id": "N080",
        "phase": 1,
        "is_restricted": false,
        "distance_m": 10.34,
        "connection_status": "source_geometry"
      },
      "geometry": {
        "type": "LineString",
        "coordinates": [
          [
            123.7415510151604,
            13.12772507351489
          ],
          [
            123.7414668924936,
            13.12776905249553
          ]
        ]
      }
    },
    {
      "type": "Feature",
      "properties": {
        "id": "E060",
        "feature_type": "map_edge",
        "edge_type": "road",
        "source_name": "ROADWAY|FL-LEG|Main Roadway",
        "derived_segment_of": "E015",
        "from_node_id": "N080",
        "to_node_id": "N081",
        "phase": 1,
        "is_restricted": false,
        "distance_m": 16.34,
        "connection_status": "source_geometry"
      },
      "geometry": {
        "type": "LineString",
        "coordinates": [
          [
            123.7414668924936,
            13.12776905249553
          ],
          [
            123.7413298282025,
            13.12770755396005
          ]
        ]
      }
    },
    {
      "type": "Feature",
      "properties": {
        "id": "E061",
        "feature_type": "map_edge",
        "edge_type": "road",
        "source_name": "ROADWAY|FL-LEG|Main Roadway",
        "derived_segment_of": "E015",
        "from_node_id": "N081",
        "to_node_id": "N082",
        "phase": 1,
        "is_restricted": false,
        "distance_m": 16.48,
        "connection_status": "source_geometry"
      },
      "geometry": {
        "type": "LineString",
        "coordinates": [
          [
            123.7413298282025,
            13.12770755396005
          ],
          [
            123.7412202239299,
            13.12781035503441
          ]
        ]
      }
    },
    {
      "type": "Feature",
      "properties": {
        "id": "E062",
        "feature_type": "map_edge",
        "edge_type": "road",
        "source_name": "ROADWAY|FL-LEG|Main Roadway",
        "derived_segment_of": "E015",
        "from_node_id": "N082",
        "to_node_id": "N083",
        "phase": 1,
        "is_restricted": false,
        "distance_m": 18.39,
        "connection_status": "source_geometry"
      },
      "geometry": {
        "type": "LineString",
        "coordinates": [
          [
            123.7412202239299,
            13.12781035503441
          ],
          [
            123.74107573730687,
            13.12789724297197
          ]
        ]
      }
    },
    {
      "type": "Feature",
      "properties": {
        "id": "E063",
        "feature_type": "map_edge",
        "edge_type": "road",
        "source_name": "ROADWAY|FL-LEG|Main Roadway",
        "derived_segment_of": "E015",
        "from_node_id": "N083",
        "to_node_id": "N084",
        "phase": 1,
        "is_restricted": false,
        "distance_m": 4.51,
        "connection_status": "source_geometry"
      },
      "geometry": {
        "type": "LineString",
        "coordinates": [
          [
            123.74107573730687,
            13.12789724297197
          ],
          [
            123.741040309575,
            13.12791854766088
          ]
        ]
      }
    },
    {
      "type": "Feature",
      "properties": {
        "id": "E064",
        "feature_type": "map_edge",
        "edge_type": "road",
        "source_name": "ROADWAY|FL-LEG|Main Roadway",
        "derived_segment_of": "E015",
        "from_node_id": "N084",
        "to_node_id": "N085",
        "phase": 1,
        "is_restricted": false,
        "distance_m": 19.33,
        "connection_status": "source_geometry"
      },
      "geometry": {
        "type": "LineString",
        "coordinates": [
          [
            123.741040309575,
            13.12791854766088
          ],
          [
            123.7408784887237,
            13.12799195141249
          ]
        ]
      }
    },
    {
      "type": "Feature",
      "properties": {
        "id": "E065",
        "feature_type": "map_edge",
        "edge_type": "road",
        "source_name": "ROADWAY|FL-LEG|Main Roadway",
        "derived_segment_of": "E015",
        "from_node_id": "N085",
        "to_node_id": "N086",
        "phase": 1,
        "is_restricted": false,
        "distance_m": 14.12,
        "connection_status": "source_geometry"
      },
      "geometry": {
        "type": "LineString",
        "coordinates": [
          [
            123.7408784887237,
            13.12799195141249
          ],
          [
            123.740751883595,
            13.12802246539821
          ]
        ]
      }
    },
    {
      "type": "Feature",
      "properties": {
        "id": "E066",
        "feature_type": "map_edge",
        "edge_type": "road",
        "source_name": "ROADWAY|FL-LEG|Main Roadway",
        "derived_segment_of": "E015",
        "from_node_id": "N086",
        "to_node_id": "N087",
        "phase": 1,
        "is_restricted": false,
        "distance_m": 8.71,
        "connection_status": "source_geometry"
      },
      "geometry": {
        "type": "LineString",
        "coordinates": [
          [
            123.740751883595,
            13.12802246539821
          ],
          [
            123.7406734063201,
            13.12803978961819
          ]
        ]
      }
    },
    {
      "type": "Feature",
      "properties": {
        "id": "E067",
        "feature_type": "map_edge",
        "edge_type": "road",
        "source_name": "ROADWAY|FL-LEG|Main Roadway",
        "derived_segment_of": "E015",
        "from_node_id": "N087",
        "to_node_id": "N088",
        "phase": 1,
        "is_restricted": false,
        "distance_m": 5.91,
        "connection_status": "source_geometry"
      },
      "geometry": {
        "type": "LineString",
        "coordinates": [
          [
            123.7406734063201,
            13.12803978961819
          ],
          [
            123.74061887565449,
            13.12804032162169
          ]
        ]
      }
    },
    {
      "type": "Feature",
      "properties": {
        "id": "E068",
        "feature_type": "map_edge",
        "edge_type": "road",
        "source_name": "ROADWAY|FL-LEG|Main Roadway",
        "derived_segment_of": "E015",
        "from_node_id": "N088",
        "to_node_id": "N089",
        "phase": 1,
        "is_restricted": false,
        "distance_m": 4.95,
        "connection_status": "source_geometry"
      },
      "geometry": {
        "type": "LineString",
        "coordinates": [
          [
            123.74061887565449,
            13.12804032162169
          ],
          [
            123.7405731342115,
            13.12804076787716
          ]
        ]
      }
    },
    {
      "type": "Feature",
      "properties": {
        "id": "E069",
        "feature_type": "map_edge",
        "edge_type": "road",
        "source_name": "ROADWAY|FL-LEG|Main Roadway",
        "derived_segment_of": "E015",
        "from_node_id": "N089",
        "to_node_id": "N090",
        "phase": 1,
        "is_restricted": false,
        "distance_m": 15.1,
        "connection_status": "source_geometry"
      },
      "geometry": {
        "type": "LineString",
        "coordinates": [
          [
            123.7405731342115,
            13.12804076787716
          ],
          [
            123.7404338806394,
            13.12803421332965
          ]
        ]
      }
    },
    {
      "type": "Feature",
      "properties": {
        "id": "E070",
        "feature_type": "map_edge",
        "edge_type": "road",
        "source_name": "ROADWAY|FL-LEG|Main Roadway",
        "derived_segment_of": "E015",
        "from_node_id": "N090",
        "to_node_id": "N013",
        "phase": 1,
        "is_restricted": false,
        "distance_m": 18.48,
        "connection_status": "source_geometry"
      },
      "geometry": {
        "type": "LineString",
        "coordinates": [
          [
            123.7404338806394,
            13.12803421332965
          ],
          [
            123.7402691560207,
            13.12799078864284
          ]
        ]
      }
    },
    {
      "type": "Feature",
      "properties": {
        "id": "E071",
        "feature_type": "map_edge",
        "edge_type": "road",
        "source_name": "ROADWAY|FL-LEG|RW001|Inner Roadway",
        "derived_segment_of": "E016",
        "from_node_id": "N007",
        "to_node_id": "N091",
        "phase": 1,
        "is_restricted": false,
        "distance_m": 16.87,
        "connection_status": "source_geometry"
      },
      "geometry": {
        "type": "LineString",
        "coordinates": [
          [
            123.7402763318098,
            13.12808780714987
          ],
          [
            123.7404266949776,
            13.12812742967773
          ]
        ]
      }
    },
    {
      "type": "Feature",
      "properties": {
        "id": "E072",
        "feature_type": "map_edge",
        "edge_type": "road",
        "source_name": "ROADWAY|FL-LEG|RW001|Inner Roadway",
        "derived_segment_of": "E016",
        "from_node_id": "N091",
        "to_node_id": "N092",
        "phase": 1,
        "is_restricted": false,
        "distance_m": 11.49,
        "connection_status": "source_geometry"
      },
      "geometry": {
        "type": "LineString",
        "coordinates": [
          [
            123.7404266949776,
            13.12812742967773
          ],
          [
            123.7405026232816,
            13.12819961248963
          ]
        ]
      }
    },
    {
      "type": "Feature",
      "properties": {
        "id": "E073",
        "feature_type": "map_edge",
        "edge_type": "road",
        "source_name": "ROADWAY|FL-LEG|RW001|Inner Roadway",
        "derived_segment_of": "E016",
        "from_node_id": "N092",
        "to_node_id": "N093",
        "phase": 1,
        "is_restricted": false,
        "distance_m": 33.17,
        "connection_status": "source_geometry"
      },
      "geometry": {
        "type": "LineString",
        "coordinates": [
          [
            123.7405026232816,
            13.12819961248963
          ],
          [
            123.7405980193756,
            13.12848306702616
          ]
        ]
      }
    },
    {
      "type": "Feature",
      "properties": {
        "id": "E074",
        "feature_type": "map_edge",
        "edge_type": "road",
        "source_name": "ROADWAY|FL-LEG|RW001|Inner Roadway",
        "derived_segment_of": "E016",
        "from_node_id": "N093",
        "to_node_id": "N001",
        "phase": 1,
        "is_restricted": false,
        "distance_m": 5.95,
        "connection_status": "source_geometry"
      },
      "geometry": {
        "type": "LineString",
        "coordinates": [
          [
            123.7405980193756,
            13.12848306702616
          ],
          [
            123.7406225454643,
            13.12853093319916
          ]
        ]
      }
    },
    {
      "type": "Feature",
      "properties": {
        "id": "E075",
        "feature_type": "map_edge",
        "edge_type": "road",
        "source_name": "ROADWAY|FL-LEG|RW001|Inner Roadway",
        "derived_segment_of": "E016",
        "from_node_id": "N001",
        "to_node_id": "N094",
        "phase": 1,
        "is_restricted": false,
        "distance_m": 5.68,
        "connection_status": "source_geometry"
      },
      "geometry": {
        "type": "LineString",
        "coordinates": [
          [
            123.74062285412428,
            13.128532250721385
          ],
          [
            123.7406345129928,
            13.12858201686928
          ]
        ]
      }
    },
    {
      "type": "Feature",
      "properties": {
        "id": "E076",
        "feature_type": "map_edge",
        "edge_type": "road",
        "source_name": "ROADWAY|FL-LEG|RW001|Inner Roadway",
        "derived_segment_of": "E016",
        "from_node_id": "N094",
        "to_node_id": "N095",
        "phase": 1,
        "is_restricted": false,
        "distance_m": 6.72,
        "connection_status": "source_geometry"
      },
      "geometry": {
        "type": "LineString",
        "coordinates": [
          [
            123.7406345129928,
            13.12858201686928
          ],
          [
            123.7406338038292,
            13.12864241376396
          ]
        ]
      }
    },
    {
      "type": "Feature",
      "properties": {
        "id": "E077",
        "feature_type": "map_edge",
        "edge_type": "road",
        "source_name": "ROADWAY|FL-LEG|RW001|Inner Roadway",
        "derived_segment_of": "E016",
        "from_node_id": "N095",
        "to_node_id": "N096",
        "phase": 1,
        "is_restricted": false,
        "distance_m": 10.8,
        "connection_status": "source_geometry"
      },
      "geometry": {
        "type": "LineString",
        "coordinates": [
          [
            123.7406338038292,
            13.12864241376396
          ],
          [
            123.7405850488708,
            13.12872714075295
          ]
        ]
      }
    },
    {
      "type": "Feature",
      "properties": {
        "id": "E078",
        "feature_type": "map_edge",
        "edge_type": "road",
        "source_name": "ROADWAY|FL-LEG|RW001|Inner Roadway",
        "derived_segment_of": "E016",
        "from_node_id": "N096",
        "to_node_id": "N008",
        "phase": 1,
        "is_restricted": false,
        "distance_m": 12.91,
        "connection_status": "source_geometry"
      },
      "geometry": {
        "type": "LineString",
        "coordinates": [
          [
            123.7405850488708,
            13.12872714075295
          ],
          [
            123.7405027920662,
            13.12881115440598
          ]
        ]
      }
    },
    {
      "type": "Feature",
      "properties": {
        "id": "E079",
        "feature_type": "map_edge",
        "edge_type": "road",
        "source_name": "ROADWAY|FL-LEG|RW0002|Inner Roadway",
        "derived_segment_of": "E017",
        "from_node_id": "N001",
        "to_node_id": "N097",
        "phase": 1,
        "is_restricted": false,
        "distance_m": 12.93,
        "connection_status": "source_geometry"
      },
      "geometry": {
        "type": "LineString",
        "coordinates": [
          [
            123.7406288426815,
            13.12853092014226
          ],
          [
            123.74074743926076,
            13.12851744766992
          ]
        ]
      }
    },
    {
      "type": "Feature",
      "properties": {
        "id": "E080",
        "feature_type": "map_edge",
        "edge_type": "road",
        "source_name": "ROADWAY|FL-LEG|RW0002|Inner Roadway",
        "derived_segment_of": "E017",
        "from_node_id": "N097",
        "to_node_id": "N098",
        "phase": 1,
        "is_restricted": false,
        "distance_m": 10.78,
        "connection_status": "source_geometry"
      },
      "geometry": {
        "type": "LineString",
        "coordinates": [
          [
            123.74074743926076,
            13.12851744766992
          ],
          [
            123.7408463128015,
            13.12850621571828
          ]
        ]
      }
    },
    {
      "type": "Feature",
      "properties": {
        "id": "E081",
        "feature_type": "map_edge",
        "edge_type": "road",
        "source_name": "ROADWAY|FL-LEG|RW0002|Inner Roadway",
        "derived_segment_of": "E017",
        "from_node_id": "N098",
        "to_node_id": "N099",
        "phase": 1,
        "is_restricted": false,
        "distance_m": 19.73,
        "connection_status": "source_geometry"
      },
      "geometry": {
        "type": "LineString",
        "coordinates": [
          [
            123.7408463128015,
            13.12850621571828
          ],
          [
            123.74102747387313,
            13.128487578031512
          ]
        ]
      }
    },
    {
      "type": "Feature",
      "properties": {
        "id": "E082",
        "feature_type": "map_edge",
        "edge_type": "road",
        "source_name": "ROADWAY|FL-LEG|RW0002|Inner Roadway",
        "derived_segment_of": "E017",
        "from_node_id": "N099",
        "to_node_id": "N100",
        "phase": 1,
        "is_restricted": false,
        "distance_m": 8.59,
        "connection_status": "source_geometry"
      },
      "geometry": {
        "type": "LineString",
        "coordinates": [
          [
            123.74102747387313,
            13.128487578031512
          ],
          [
            123.74110631576322,
            13.128479466849354
          ]
        ]
      }
    },
    {
      "type": "Feature",
      "properties": {
        "id": "E083",
        "feature_type": "map_edge",
        "edge_type": "road",
        "source_name": "ROADWAY|FL-LEG|RW0002|Inner Roadway",
        "derived_segment_of": "E017",
        "from_node_id": "N100",
        "to_node_id": "N002",
        "phase": 1,
        "is_restricted": false,
        "distance_m": 45.8,
        "connection_status": "source_geometry"
      },
      "geometry": {
        "type": "LineString",
        "coordinates": [
          [
            123.74110631576322,
            13.128479466849354
          ],
          [
            123.7415269139454,
            13.12843619608978
          ]
        ]
      }
    },
    {
      "type": "Feature",
      "properties": {
        "id": "E084",
        "feature_type": "map_edge",
        "edge_type": "road",
        "source_name": "ROADWAY|FL-LEG|RW0003|Inner Roadway",
        "derived_segment_of": "E018",
        "from_node_id": "N006",
        "to_node_id": "N002",
        "phase": 1,
        "is_restricted": false,
        "distance_m": 27.18,
        "connection_status": "source_geometry"
      },
      "geometry": {
        "type": "LineString",
        "coordinates": [
          [
            123.74153631505376,
            13.128191909015351
          ],
          [
            123.74153121354666,
            13.1284362812175
          ]
        ]
      }
    },
    {
      "type": "Feature",
      "properties": {
        "id": "E085",
        "feature_type": "map_edge",
        "edge_type": "road",
        "source_name": "ROADWAY|FL-LEG|RW0003|Inner Roadway",
        "derived_segment_of": "E018",
        "from_node_id": "N002",
        "to_node_id": "N101",
        "phase": 1,
        "is_restricted": false,
        "distance_m": 20.97,
        "connection_status": "source_geometry"
      },
      "geometry": {
        "type": "LineString",
        "coordinates": [
          [
            123.7415311191783,
            13.1284408016469
          ],
          [
            123.7415297304188,
            13.12862941754102
          ]
        ]
      }
    },
    {
      "type": "Feature",
      "properties": {
        "id": "E086",
        "feature_type": "map_edge",
        "edge_type": "road",
        "source_name": "ROADWAY|FL-LEG|RW0003|Inner Roadway",
        "derived_segment_of": "E018",
        "from_node_id": "N101",
        "to_node_id": "N102",
        "phase": 1,
        "is_restricted": false,
        "distance_m": 12.17,
        "connection_status": "source_geometry"
      },
      "geometry": {
        "type": "LineString",
        "coordinates": [
          [
            123.7415297304188,
            13.12862941754102
          ],
          [
            123.74153127046254,
            13.128738823037786
          ]
        ]
      }
    },
    {
      "type": "Feature",
      "properties": {
        "id": "E087",
        "feature_type": "map_edge",
        "edge_type": "road",
        "source_name": "ROADWAY|FL-LEG|RW0003|Inner Roadway",
        "derived_segment_of": "E018",
        "from_node_id": "N102",
        "to_node_id": "N103",
        "phase": 1,
        "is_restricted": false,
        "distance_m": 5.81,
        "connection_status": "source_geometry"
      },
      "geometry": {
        "type": "LineString",
        "coordinates": [
          [
            123.74153127046254,
            13.128738823037786
          ],
          [
            123.7415320054693,
            13.12879103829396
          ]
        ]
      }
    },
    {
      "type": "Feature",
      "properties": {
        "id": "E088",
        "feature_type": "map_edge",
        "edge_type": "road",
        "source_name": "ROADWAY|FL-LEG|RW0003|Inner Roadway",
        "derived_segment_of": "E018",
        "from_node_id": "N103",
        "to_node_id": "N104",
        "phase": 1,
        "is_restricted": false,
        "distance_m": 15.82,
        "connection_status": "source_geometry"
      },
      "geometry": {
        "type": "LineString",
        "coordinates": [
          [
            123.7415320054693,
            13.12879103829396
          ],
          [
            123.74153629823338,
            13.128933282782496
          ]
        ]
      }
    },
    {
      "type": "Feature",
      "properties": {
        "id": "E089",
        "feature_type": "map_edge",
        "edge_type": "road",
        "source_name": "ROADWAY|FL-LEG|RW0003|Inner Roadway",
        "derived_segment_of": "E018",
        "from_node_id": "N104",
        "to_node_id": "N009",
        "phase": 1,
        "is_restricted": false,
        "distance_m": 11.17,
        "connection_status": "source_geometry"
      },
      "geometry": {
        "type": "LineString",
        "coordinates": [
          [
            123.74153629823338,
            13.128933282782496
          ],
          [
            123.7415393276134,
            13.12903366393575
          ]
        ]
      }
    },
    {
      "type": "Feature",
      "properties": {
        "id": "E090",
        "feature_type": "map_edge",
        "edge_type": "path",
        "source_name": "DERIVED|E001|E017|near-endpoint connection",
        "derived": true,
        "derived_from": "E001 -> E017",
        "from_node_id": "N015",
        "to_node_id": "N100",
        "distance_m": 2.58,
        "snap_distance_m": 2.58,
        "connection_status": "inferred_near_endpoint_reviewed_from_supplied_geometry",
        "phase": 1,
        "is_restricted": false
      },
      "geometry": {
        "type": "LineString",
        "coordinates": [
          [
            123.7411038120985,
            13.12845638635186
          ],
          [
            123.74110631576322,
            13.128479466849354
          ]
        ]
      }
    },
    {
      "type": "Feature",
      "properties": {
        "id": "E091",
        "feature_type": "map_edge",
        "edge_type": "path",
        "source_name": "DERIVED|E002|E017|near-endpoint connection",
        "derived": true,
        "derived_from": "E002 -> E017",
        "from_node_id": "N017",
        "to_node_id": "N097",
        "distance_m": 3.44,
        "snap_distance_m": 3.44,
        "connection_status": "inferred_near_endpoint_reviewed_from_supplied_geometry",
        "phase": 1,
        "is_restricted": false
      },
      "geometry": {
        "type": "LineString",
        "coordinates": [
          [
            123.7407437563408,
            13.12848669992525
          ],
          [
            123.74074743926076,
            13.12851744766992
          ]
        ]
      }
    },
    {
      "type": "Feature",
      "properties": {
        "id": "E092",
        "feature_type": "map_edge",
        "edge_type": "path",
        "source_name": "DERIVED|E002|E015|near-endpoint connection",
        "derived": true,
        "derived_from": "E002 -> E015",
        "from_node_id": "N018",
        "to_node_id": "N088",
        "distance_m": 3.18,
        "snap_distance_m": 3.18,
        "connection_status": "inferred_near_endpoint_reviewed_from_supplied_geometry",
        "phase": 1,
        "is_restricted": false
      },
      "geometry": {
        "type": "LineString",
        "coordinates": [
          [
            123.7406191701803,
            13.12806895323293
          ],
          [
            123.74061887565449,
            13.12804032162169
          ]
        ]
      }
    },
    {
      "type": "Feature",
      "properties": {
        "id": "E093",
        "feature_type": "map_edge",
        "edge_type": "path",
        "source_name": "DERIVED|E003|E004|near-endpoint connection",
        "derived": true,
        "derived_from": "E003 -> E004",
        "from_node_id": "N019",
        "to_node_id": "N020",
        "distance_m": 5.02,
        "snap_distance_m": 5.02,
        "connection_status": "inferred_near_endpoint_reviewed_from_supplied_geometry",
        "phase": 1,
        "is_restricted": false
      },
      "geometry": {
        "type": "LineString",
        "coordinates": [
          [
            123.7410586019583,
            13.12824302766891
          ],
          [
            123.7410829816531,
            13.12820458724272
          ]
        ]
      }
    },
    {
      "type": "Feature",
      "properties": {
        "id": "E094",
        "feature_type": "map_edge",
        "edge_type": "path",
        "source_name": "DERIVED|E004|E003|near-endpoint connection",
        "derived": true,
        "derived_from": "E004 -> E003",
        "from_node_id": "N020",
        "to_node_id": "N019",
        "distance_m": 5.02,
        "snap_distance_m": 5.02,
        "connection_status": "inferred_near_endpoint_reviewed_from_supplied_geometry",
        "phase": 1,
        "is_restricted": false
      },
      "geometry": {
        "type": "LineString",
        "coordinates": [
          [
            123.7410829816531,
            13.12820458724272
          ],
          [
            123.7410586019583,
            13.12824302766891
          ]
        ]
      }
    },
    {
      "type": "Feature",
      "properties": {
        "id": "E095",
        "feature_type": "map_edge",
        "edge_type": "path",
        "source_name": "DERIVED|E004|E015|near-endpoint connection",
        "derived": true,
        "derived_from": "E004 -> E015",
        "from_node_id": "N021",
        "to_node_id": "N083",
        "distance_m": 5.76,
        "snap_distance_m": 5.76,
        "connection_status": "inferred_near_endpoint_reviewed_from_supplied_geometry",
        "phase": 1,
        "is_restricted": false
      },
      "geometry": {
        "type": "LineString",
        "coordinates": [
          [
            123.7411036713225,
            13.12794129821973
          ],
          [
            123.74107573730687,
            13.12789724297197
          ]
        ]
      }
    },
    {
      "type": "Feature",
      "properties": {
        "id": "E096",
        "feature_type": "map_edge",
        "edge_type": "path",
        "source_name": "DERIVED|E005|E004|near-endpoint connection",
        "derived": true,
        "derived_from": "E005 -> E004",
        "from_node_id": "N022",
        "to_node_id": "N020",
        "distance_m": 5.24,
        "snap_distance_m": 5.24,
        "connection_status": "inferred_near_endpoint_reviewed_from_supplied_geometry",
        "phase": 1,
        "is_restricted": false
      },
      "geometry": {
        "type": "LineString",
        "coordinates": [
          [
            123.7411210258106,
            13.12823370366797
          ],
          [
            123.7410829816531,
            13.12820458724272
          ]
        ]
      }
    },
    {
      "type": "Feature",
      "properties": {
        "id": "E097",
        "feature_type": "map_edge",
        "edge_type": "path",
        "source_name": "DERIVED|E005|E018|near-endpoint connection",
        "derived": true,
        "derived_from": "E005 -> E018",
        "from_node_id": "N023",
        "to_node_id": "N006",
        "distance_m": 2.88,
        "snap_distance_m": 2.88,
        "connection_status": "inferred_near_endpoint_reviewed_from_supplied_geometry",
        "phase": 1,
        "is_restricted": false
      },
      "geometry": {
        "type": "LineString",
        "coordinates": [
          [
            123.7415097127076,
            13.12819138231603
          ],
          [
            123.74153631505376,
            13.128191909015351
          ]
        ]
      }
    },
    {
      "type": "Feature",
      "properties": {
        "id": "E098",
        "feature_type": "map_edge",
        "edge_type": "path",
        "source_name": "DERIVED|E006|E009|near-endpoint connection",
        "derived": true,
        "derived_from": "E006 -> E009",
        "from_node_id": "N024",
        "to_node_id": "N030",
        "distance_m": 4.25,
        "snap_distance_m": 4.25,
        "connection_status": "inferred_near_endpoint_reviewed_from_supplied_geometry",
        "phase": 1,
        "is_restricted": false
      },
      "geometry": {
        "type": "LineString",
        "coordinates": [
          [
            123.7410296297591,
            13.12879412177239
          ],
          [
            123.7410577506299,
            13.12876742989936
          ]
        ]
      }
    },
    {
      "type": "Feature",
      "properties": {
        "id": "E099",
        "feature_type": "map_edge",
        "edge_type": "path",
        "source_name": "DERIVED|E006|E015|near-endpoint connection",
        "derived": true,
        "derived_from": "E006 -> E015",
        "from_node_id": "N025",
        "to_node_id": "N063",
        "distance_m": 4.84,
        "snap_distance_m": 4.84,
        "connection_status": "inferred_near_endpoint_reviewed_from_supplied_geometry",
        "phase": 1,
        "is_restricted": false
      },
      "geometry": {
        "type": "LineString",
        "coordinates": [
          [
            123.7405567062705,
            13.12884564554591
          ],
          [
            123.74051391303432,
            13.128858316992607
          ]
        ]
      }
    },
    {
      "type": "Feature",
      "properties": {
        "id": "E100",
        "feature_type": "map_edge",
        "edge_type": "path",
        "source_name": "DERIVED|E007|E006|near-endpoint connection",
        "derived": true,
        "derived_from": "E007 -> E006",
        "from_node_id": "N026",
        "to_node_id": "N024",
        "distance_m": 5.68,
        "snap_distance_m": 5.68,
        "connection_status": "inferred_near_endpoint_reviewed_from_supplied_geometry",
        "phase": 1,
        "is_restricted": false
      },
      "geometry": {
        "type": "LineString",
        "coordinates": [
          [
            123.7410663920915,
            13.12883058569264
          ],
          [
            123.7410296297591,
            13.12879412177239
          ]
        ]
      }
    },
    {
      "type": "Feature",
      "properties": {
        "id": "E101",
        "feature_type": "map_edge",
        "edge_type": "path",
        "source_name": "DERIVED|E007|E015|near-endpoint connection",
        "derived": true,
        "derived_from": "E007 -> E015",
        "from_node_id": "N027",
        "to_node_id": "N068",
        "distance_m": 3.51,
        "snap_distance_m": 3.51,
        "connection_status": "inferred_near_endpoint_reviewed_from_supplied_geometry",
        "phase": 1,
        "is_restricted": false
      },
      "geometry": {
        "type": "LineString",
        "coordinates": [
          [
            123.7410914578424,
            13.12906599056837
          ],
          [
            123.74109485725262,
            13.129097424927034
          ]
        ]
      }
    },
    {
      "type": "Feature",
      "properties": {
        "id": "E102",
        "feature_type": "map_edge",
        "edge_type": "path",
        "source_name": "DERIVED|E008|E009|near-endpoint connection",
        "derived": true,
        "derived_from": "E008 -> E009",
        "from_node_id": "N028",
        "to_node_id": "N030",
        "distance_m": 4.49,
        "snap_distance_m": 4.49,
        "connection_status": "inferred_near_endpoint_reviewed_from_supplied_geometry",
        "phase": 1,
        "is_restricted": false
      },
      "geometry": {
        "type": "LineString",
        "coordinates": [
          [
            123.7410943889899,
            13.12878641535624
          ],
          [
            123.7410577506299,
            13.12876742989936
          ]
        ]
      }
    },
    {
      "type": "Feature",
      "properties": {
        "id": "E103",
        "feature_type": "map_edge",
        "edge_type": "path",
        "source_name": "DERIVED|E008|E018|near-endpoint connection",
        "derived": true,
        "derived_from": "E008 -> E018",
        "from_node_id": "N029",
        "to_node_id": "N102",
        "distance_m": 3.22,
        "snap_distance_m": 3.22,
        "connection_status": "inferred_near_endpoint_reviewed_from_supplied_geometry",
        "phase": 1,
        "is_restricted": false
      },
      "geometry": {
        "type": "LineString",
        "coordinates": [
          [
            123.7415015811615,
            13.12873921939796
          ],
          [
            123.74153127046254,
            13.128738823037786
          ]
        ]
      }
    },
    {
      "type": "Feature",
      "properties": {
        "id": "E104",
        "feature_type": "map_edge",
        "edge_type": "path",
        "source_name": "DERIVED|E009|E006|near-endpoint connection",
        "derived": true,
        "derived_from": "E009 -> E006",
        "from_node_id": "N030",
        "to_node_id": "N024",
        "distance_m": 4.25,
        "snap_distance_m": 4.25,
        "connection_status": "inferred_near_endpoint_reviewed_from_supplied_geometry",
        "phase": 1,
        "is_restricted": false
      },
      "geometry": {
        "type": "LineString",
        "coordinates": [
          [
            123.7410577506299,
            13.12876742989936
          ],
          [
            123.7410296297591,
            13.12879412177239
          ]
        ]
      }
    },
    {
      "type": "Feature",
      "properties": {
        "id": "E105",
        "feature_type": "map_edge",
        "edge_type": "path",
        "source_name": "DERIVED|E009|E017|near-endpoint connection",
        "derived": true,
        "derived_from": "E009 -> E017",
        "from_node_id": "N031",
        "to_node_id": "N099",
        "distance_m": 4.61,
        "snap_distance_m": 4.61,
        "connection_status": "inferred_near_endpoint_reviewed_from_supplied_geometry",
        "phase": 1,
        "is_restricted": false
      },
      "geometry": {
        "type": "LineString",
        "coordinates": [
          [
            123.7410319420409,
            13.12852876866479
          ],
          [
            123.74102747387313,
            13.128487578031512
          ]
        ]
      }
    },
    {
      "type": "Feature",
      "properties": {
        "id": "E106",
        "feature_type": "map_edge",
        "edge_type": "path",
        "source_name": "DERIVED|E010|E018|near-endpoint connection",
        "derived": true,
        "derived_from": "E010 -> E018",
        "from_node_id": "N032",
        "to_node_id": "N104",
        "distance_m": 4.07,
        "snap_distance_m": 4.07,
        "connection_status": "inferred_near_endpoint_reviewed_from_supplied_geometry",
        "phase": 1,
        "is_restricted": false
      },
      "geometry": {
        "type": "LineString",
        "coordinates": [
          [
            123.741573835457,
            13.12893220839772
          ],
          [
            123.74153629823338,
            13.128933282782496
          ]
        ]
      }
    },
    {
      "type": "Feature",
      "properties": {
        "id": "E107",
        "feature_type": "map_edge",
        "edge_type": "path",
        "source_name": "DERIVED|E010|E015|near-endpoint connection",
        "derived": true,
        "derived_from": "E010 -> E015",
        "from_node_id": "N033",
        "to_node_id": "N073",
        "distance_m": 5.06,
        "snap_distance_m": 5.06,
        "connection_status": "inferred_near_endpoint_reviewed_from_supplied_geometry",
        "phase": 1,
        "is_restricted": false
      },
      "geometry": {
        "type": "LineString",
        "coordinates": [
          [
            123.7422755173042,
            13.12886425340776
          ],
          [
            123.74232211043736,
            13.128861189878382
          ]
        ]
      }
    },
    {
      "type": "Feature",
      "properties": {
        "id": "E108",
        "feature_type": "map_edge",
        "edge_type": "path",
        "source_name": "DERIVED|E011|E012|near-endpoint connection",
        "derived": true,
        "derived_from": "E011 -> E012",
        "from_node_id": "N034",
        "to_node_id": "N036",
        "distance_m": 5.05,
        "snap_distance_m": 5.05,
        "connection_status": "inferred_near_endpoint_reviewed_from_supplied_geometry",
        "phase": 1,
        "is_restricted": false
      },
      "geometry": {
        "type": "LineString",
        "coordinates": [
          [
            123.7419366147827,
            13.12866285650484
          ],
          [
            123.7419104118998,
            13.12862527905005
          ]
        ]
      }
    },
    {
      "type": "Feature",
      "properties": {
        "id": "E109",
        "feature_type": "map_edge",
        "edge_type": "path",
        "source_name": "DERIVED|E012|E014|near-endpoint connection",
        "derived": true,
        "derived_from": "E012 -> E014",
        "from_node_id": "N036",
        "to_node_id": "N040",
        "distance_m": 3.94,
        "snap_distance_m": 3.94,
        "connection_status": "inferred_near_endpoint_reviewed_from_supplied_geometry",
        "phase": 1,
        "is_restricted": false
      },
      "geometry": {
        "type": "LineString",
        "coordinates": [
          [
            123.7419104118998,
            13.12862527905005
          ],
          [
            123.7419382171864,
            13.12860247231768
          ]
        ]
      }
    },
    {
      "type": "Feature",
      "properties": {
        "id": "E110",
        "feature_type": "map_edge",
        "edge_type": "path",
        "source_name": "DERIVED|E012|E018|near-endpoint connection",
        "derived": true,
        "derived_from": "E012 -> E018",
        "from_node_id": "N037",
        "to_node_id": "N101",
        "distance_m": 2.86,
        "snap_distance_m": 2.86,
        "connection_status": "inferred_near_endpoint_reviewed_from_supplied_geometry",
        "phase": 1,
        "is_restricted": false
      },
      "geometry": {
        "type": "LineString",
        "coordinates": [
          [
            123.7415561335953,
            13.12862919411653
          ],
          [
            123.74152973342123,
            13.128629009762909
          ]
        ]
      }
    },
    {
      "type": "Feature",
      "properties": {
        "id": "E111",
        "feature_type": "map_edge",
        "edge_type": "path",
        "source_name": "DERIVED|E013|E014|near-endpoint connection",
        "derived": true,
        "derived_from": "E013 -> E014",
        "from_node_id": "N038",
        "to_node_id": "N040",
        "distance_m": 4.55,
        "snap_distance_m": 4.55,
        "connection_status": "inferred_near_endpoint_reviewed_from_supplied_geometry",
        "phase": 1,
        "is_restricted": false
      },
      "geometry": {
        "type": "LineString",
        "coordinates": [
          [
            123.7419729722561,
            13.12862538973531
          ],
          [
            123.7419382171864,
            13.12860247231768
          ]
        ]
      }
    },
    {
      "type": "Feature",
      "properties": {
        "id": "E112",
        "feature_type": "map_edge",
        "edge_type": "path",
        "source_name": "DERIVED|E013|E015|near-endpoint connection",
        "derived": true,
        "derived_from": "E013 -> E015",
        "from_node_id": "N039",
        "to_node_id": "N074",
        "distance_m": 3.79,
        "snap_distance_m": 3.79,
        "connection_status": "inferred_near_endpoint_reviewed_from_supplied_geometry",
        "phase": 1,
        "is_restricted": false
      },
      "geometry": {
        "type": "LineString",
        "coordinates": [
          [
            123.7422707228544,
            13.12862567178184
          ],
          [
            123.74230562352585,
            13.128623377039567
          ]
        ]
      }
    },
    {
      "type": "Feature",
      "properties": {
        "id": "E113",
        "feature_type": "map_edge",
        "edge_type": "path",
        "source_name": "DERIVED|E014|E012|near-endpoint connection",
        "derived": true,
        "derived_from": "E014 -> E012",
        "from_node_id": "N040",
        "to_node_id": "N036",
        "distance_m": 3.94,
        "snap_distance_m": 3.94,
        "connection_status": "inferred_near_endpoint_reviewed_from_supplied_geometry",
        "phase": 1,
        "is_restricted": false
      },
      "geometry": {
        "type": "LineString",
        "coordinates": [
          [
            123.7419382171864,
            13.12860247231768
          ],
          [
            123.7419104118998,
            13.12862527905005
          ]
        ]
      }
    },
    {
      "type": "Feature",
      "properties": {
        "id": "E114",
        "feature_type": "map_edge",
        "edge_type": "path",
        "source_name": "DERIVED|E014|E015|near-endpoint connection",
        "derived": true,
        "derived_from": "E014 -> E015",
        "from_node_id": "N041",
        "to_node_id": "N077",
        "distance_m": 4.07,
        "snap_distance_m": 4.07,
        "connection_status": "inferred_near_endpoint_reviewed_from_supplied_geometry",
        "phase": 1,
        "is_restricted": false
      },
      "geometry": {
        "type": "LineString",
        "coordinates": [
          [
            123.741942596372,
            13.12838490674422
          ],
          [
            123.74195691622621,
            13.128351027199518
          ]
        ]
      }
    },
    {
      "type": "Feature",
      "properties": {
        "id": "E115",
        "feature_type": "map_edge",
        "edge_type": "path",
        "source_name": "DERIVED|E018|E015|near-endpoint connection",
        "derived": true,
        "derived_from": "E018 -> E015",
        "from_node_id": "N009",
        "to_node_id": "N069",
        "distance_m": 2.01,
        "snap_distance_m": 2.01,
        "connection_status": "inferred_near_endpoint_reviewed_from_supplied_geometry",
        "phase": 1,
        "is_restricted": false
      },
      "geometry": {
        "type": "LineString",
        "coordinates": [
          [
            123.7415393276134,
            13.12903366393575
          ],
          [
            123.7415412714806,
            13.12905163888284
          ]
        ]
      }
    }
  ]
}
